id,probe,fixture,mime_types,ground_truth_extensions,ground_truth_filenames,review_status,format_validity,validator,identifiability,reproduction_method,declared_reproduction_tier,disk_sha_consistency,reproduction_verified,pinned_source_sha_verified,source_manifest_status,sha256,sha256_on_disk,evidence_status
sample-aiff,.aiff,tests/fixtures/sample.aiff,audio/x-aiff,.aiff,,excluded,needs_review,pending,,generated:scripts.generators; tier=exact-byte,exact-byte,SHA256 match,not-executed,not-applicable,excluded,c072c0c96226fcf876a95b95c6da7a499be2914210d66797ce31199e89a2c1d5,c072c0c96226fcf876a95b95c6da7a499be2914210d66797ce31199e89a2c1d5,missing
sample-au,.au,tests/fixtures/sample.au,audio/basic,.au,,excluded,needs_review,pending,,generated:scripts.generators; tier=exact-byte,exact-byte,SHA256 match,not-executed,not-applicable,excluded,95f2d68a32e225d2af366e3c4593b9963a4b9a4fc89f102058123002907e6fee,95f2d68a32e225d2af366e3c4593b9963a4b9a4fc89f102058123002907e6fee,missing
sample-avi,.avi,tests/fixtures/sample.avi,video/x-msvideo,.avi,,excluded,needs_review,pending,,generated:scripts.generators; tier=exact-byte,exact-byte,SHA256 match,not-executed,not-applicable,excluded,3b19d9b199c2da37ad28b3c24a64a4ae808032edfc7f58921e6b07a26baa0a71,3b19d9b199c2da37ad28b3c24a64a4ae808032edfc7f58921e6b07a26baa0a71,missing
sample-bmp,.bmp,tests/fixtures/sample.bmp,image/bmp,.bmp,,excluded,needs_review,pending,,generated:scripts.generators; tier=exact-byte,exact-byte,SHA256 match,not-executed,not-applicable,excluded,ac1e8d81d6e89daac2e193446cd13822c6f441da99f70878bdd2f8e98ea25dcf,ac1e8d81d6e89daac2e193446cd13822c6f441da99f70878bdd2f8e98ea25dcf,missing
sample-csv,.csv,tests/fixtures/sample.csv,text/csv,.csv,,excluded,needs_review,pending,,generated:scripts.generators; tier=exact-byte,exact-byte,SHA256 match,not-executed,not-applicable,excluded,6be0a447942c948d5493bfd711ace67e27fe1b442d636e9c3cf7484eba5ba466,6be0a447942c948d5493bfd711ace67e27fe1b442d636e9c3cf7484eba5ba466,missing
sample-deb,.deb,tests/fixtures/sample.deb,application/vnd.debian.binary-package,.deb,,excluded,needs_review,pending,,generated:scripts.generators; tier=exact-byte,exact-byte,SHA256 match,not-executed,not-applicable,excluded,7a50dfdc0592e745eb4d8cbb21c29e99038226a501c954c5432e3b10683c1b76,7a50dfdc0592e745eb4d8cbb21c29e99038226a501c954c5432e3b10683c1b76,missing
sample-diff,.diff,tests/fixtures/sample.diff,text/x-diff,.diff; .patch,,excluded,needs_review,pending,,generated:scripts.generators; tier=exact-byte,exact-byte,SHA256 match,not-executed,not-applicable,excluded,d385474b801bc7009bd4d4d22f70b533d483ce5d0d928aaf5527a288f971c37e,d385474b801bc7009bd4d4d22f70b533d483ce5d0d928aaf5527a288f971c37e,missing
sample-doc,.doc,tests/fixtures/sample.doc,application/msword,.doc,,excluded,needs_review,pending,,generated:scripts.generators; tier=exact-byte,exact-byte,SHA256 match,not-executed,not-applicable,excluded,717585c0a88f20862c86220163dd03da87cd743970354c6b29add32725f2e833,717585c0a88f20862c86220163dd03da87cd743970354c6b29add32725f2e833,missing
sample-docx,.docx,tests/fixtures/sample.docx,application/vnd.openxmlformats-officedocument.wordprocessingml.document,.docx; .docm,,excluded,needs_review,pending,,generated:scripts.generators; tier=exact-byte,exact-byte,SHA256 match,not-executed,not-applicable,excluded,be4fc1bf778ad8183f714e09b9df40669de34e9ecbc3adecfc8953f00749036f,be4fc1bf778ad8183f714e09b9df40669de34e9ecbc3adecfc8953f00749036f,missing
sample-dwg,.dwg,tests/fixtures/sample.dwg,image/vnd.dwg,.dwg,,excluded,needs_review,pending,,generated:scripts.generators; tier=exact-byte,exact-byte,SHA256 match,not-executed,not-applicable,excluded,6045fa1a79cbf72707e870973e1fae8ee385386c94d7b0556463fbc1f1433b82,6045fa1a79cbf72707e870973e1fae8ee385386c94d7b0556463fbc1f1433b82,missing
sample-eml,.eml,tests/fixtures/sample.eml,message/rfc822,.eml,,excluded,needs_review,pending,,generated:scripts.generators; tier=exact-byte,exact-byte,SHA256 match,not-executed,not-applicable,excluded,5959fde12461e8be4b8eac1749d219dbe14cec37f7ac7115ee975f47af58e2e4,5959fde12461e8be4b8eac1749d219dbe14cec37f7ac7115ee975f47af58e2e4,missing
sample-eot,.eot,tests/fixtures/sample.eot,application/vnd.ms-fontobject,.eot,,excluded,needs_review,pending,,generated:scripts.generators; tier=exact-byte,exact-byte,SHA256 match,not-executed,not-applicable,excluded,0ad2c77f0f43623498392b13658b341e4de139a1ca04776fa8f2208048ee8d3f,0ad2c77f0f43623498392b13658b341e4de139a1ca04776fa8f2208048ee8d3f,missing
sample-eps,.eps,tests/fixtures/sample.eps,application/postscript,.eps,,excluded,needs_review,pending,,generated:scripts.generators; tier=exact-byte,exact-byte,SHA256 match,not-executed,not-applicable,excluded,9251da4db97cdfd1bb0e1541a7da0416af9e1a041ce116a3e1012ef37e63aa5f,9251da4db97cdfd1bb0e1541a7da0416af9e1a041ce116a3e1012ef37e63aa5f,missing
sample-epub,.epub,tests/fixtures/sample.epub,application/epub+zip,.epub,,excluded,needs_review,pending,,generated:scripts.generators; tier=exact-byte,exact-byte,SHA256 match,not-executed,not-applicable,excluded,9cfe418c76f7ea34f0ebf4484049f544c8f44b03aa2d385b98769c77aa7706bd,9cfe418c76f7ea34f0ebf4484049f544c8f44b03aa2d385b98769c77aa7706bd,missing
sample-flac,.flac,tests/fixtures/sample.flac,audio/flac,.flac,,excluded,verified,ffprobe FLAC decode/container,distinctive,generated:scripts.generators; tier=exact-byte,exact-byte,SHA256 match,not-executed,not-applicable,excluded,e2d4b7372c1147065fc03265dcebd681f6216c29fac7630b4d190c26c66ab759,e2d4b7372c1147065fc03265dcebd681f6216c29fac7630b4d190c26c66ab759,missing
sample-flv,.flv,tests/fixtures/sample.flv,video/x-flv,.flv,,excluded,needs_review,pending,,generated:scripts.generators; tier=exact-byte,exact-byte,SHA256 match,not-executed,not-applicable,excluded,d4e2266394fdae000fc44f82c54a8bc9f0d4ecc529820c6523b5982dc4642a71,d4e2266394fdae000fc44f82c54a8bc9f0d4ecc529820c6523b5982dc4642a71,missing
sample-gif,.gif,tests/fixtures/sample.gif,image/gif,.gif,,excluded,needs_review,pending,,generated:scripts.generators; tier=exact-byte,exact-byte,SHA256 match,not-executed,not-applicable,excluded,021e6a7d6134efd7047c22e1e68224279ae37bc48f1e45c586e01ba2454cc239,021e6a7d6134efd7047c22e1e68224279ae37bc48f1e45c586e01ba2454cc239,missing
sample-h5,.h5,tests/fixtures/sample.h5,application/x-hdf5,.h5; .hdf5,,excluded,needs_review,pending,,generated:scripts.generators; tier=exact-byte,exact-byte,SHA256 match,not-executed,not-applicable,excluded,47104a8b99d51bfea40bee375fe20e080038213ae8898c125f5c97c0890ff8c0,47104a8b99d51bfea40bee375fe20e080038213ae8898c125f5c97c0890ff8c0,missing
sample-heic,.heic,tests/fixtures/sample.heic,image/heic,.heic,,excluded,needs_review,pending,,generated:scripts.generators; tier=exact-byte,exact-byte,SHA256 match,not-executed,not-applicable,excluded,6f67bb96cc449cbaf9564b0100432d09b34c6d28a25dbe9459351422fdaabb32,6f67bb96cc449cbaf9564b0100432d09b34c6d28a25dbe9459351422fdaabb32,missing
sample-htm,.htm,tests/fixtures/sample.htm,text/html,.html; .htm; .xhtml; .xht,,excluded,needs_review,pending,,generated:scripts.generators; tier=exact-byte,exact-byte,SHA256 match,not-executed,not-applicable,excluded,f7b648289110ef5380e2bc3b12abebaa3adac1eda71f119b0ff8890adc659dc8,f7b648289110ef5380e2bc3b12abebaa3adac1eda71f119b0ff8890adc659dc8,missing
sample-html,.html,tests/fixtures/sample.html,text/html,.html; .htm; .xhtml; .xht,,excluded,needs_review,pending,,generated:scripts.generators; tier=exact-byte,exact-byte,SHA256 match,not-executed,not-applicable,excluded,f7b648289110ef5380e2bc3b12abebaa3adac1eda71f119b0ff8890adc659dc8,f7b648289110ef5380e2bc3b12abebaa3adac1eda71f119b0ff8890adc659dc8,missing
sample-hwp,.hwp,tests/fixtures/sample.hwp,application/x-hwp,.hwp,,excluded,needs_review,pending,,generated:scripts.generators; tier=exact-byte,exact-byte,SHA256 match,not-executed,not-applicable,excluded,283e16ee51834d75e22f413203549027a5d3fda39346302d9429e9732bb3a77c,283e16ee51834d75e22f413203549027a5d3fda39346302d9429e9732bb3a77c,missing
sample-ico,.ico,tests/fixtures/sample.ico,image/vnd.microsoft.icon,.ico,,excluded,needs_review,pending,,generated:scripts.generators; tier=exact-byte,exact-byte,SHA256 match,not-executed,not-applicable,excluded,0a2afd5fa7953b08795fc139fe594f8beb459bacc5002d1970311529ce4ea85e,0a2afd5fa7953b08795fc139fe594f8beb459bacc5002d1970311529ce4ea85e,missing
sample-ics,.ics,tests/fixtures/sample.ics,text/calendar,.ics,,excluded,needs_review,pending,,generated:scripts.generators; tier=exact-byte,exact-byte,SHA256 match,not-executed,not-applicable,excluded,559df9735c47afdb892c3ba4ef9ad7fbec58762e1d8165b663025bd5aaac908b,559df9735c47afdb892c3ba4ef9ad7fbec58762e1d8165b663025bd5aaac908b,missing
sample-iso,.iso,tests/fixtures/sample.iso,application/x-iso9660-image,.iso,,excluded,needs_review,pending,,generated:scripts.generators; tier=exact-byte,exact-byte,SHA256 match,not-executed,not-applicable,excluded,620d2c853342e4d29c546c4b0bfd9883f087c9536eedbd45f02871b189c4b788,620d2c853342e4d29c546c4b0bfd9883f087c9536eedbd45f02871b189c4b788,missing
sample-java,.java,tests/fixtures/sample.java,text/x-java,.java,,excluded,needs_review,pending,,generated:scripts.generators; tier=exact-byte,exact-byte,SHA256 match,not-executed,not-applicable,excluded,17ddf17b7ee23588f2fe77098ad386de5d20f32f2e33909619f1ebdd2fc96ac4,17ddf17b7ee23588f2fe77098ad386de5d20f32f2e33909619f1ebdd2fc96ac4,missing
sample-jp2,.jp2,tests/fixtures/sample.jp2,image/jp2,.jp2,,excluded,needs_review,pending,,generated:scripts.generators; tier=exact-byte,exact-byte,SHA256 match,not-executed,not-applicable,excluded,bb867739b2ef418f53f6288f4c81615334fc664ec61f3c1d70ca8f0281e6a23e,bb867739b2ef418f53f6288f4c81615334fc664ec61f3c1d70ca8f0281e6a23e,missing
sample-jpeg,.jpeg,tests/fixtures/sample.jpeg,image/jpeg,.jpg; .jpeg,,excluded,needs_review,pending,,generated:scripts.generators; tier=exact-byte,exact-byte,SHA256 match,not-executed,not-applicable,excluded,0666b0a139750792d15bb2422175dbe016cf8cc308502df6af8096e2d1b6a72b,0666b0a139750792d15bb2422175dbe016cf8cc308502df6af8096e2d1b6a72b,missing
sample-jpg,.jpg,tests/fixtures/sample.jpg,image/jpeg,.jpg; .jpeg,,excluded,needs_review,pending,,generated:scripts.generators; tier=exact-byte,exact-byte,SHA256 match,not-executed,not-applicable,excluded,0666b0a139750792d15bb2422175dbe016cf8cc308502df6af8096e2d1b6a72b,0666b0a139750792d15bb2422175dbe016cf8cc308502df6af8096e2d1b6a72b,missing
sample-json,.json,tests/fixtures/sample.json,application/json,.json,,excluded,needs_review,pending,,generated:scripts.generators; tier=exact-byte,exact-byte,SHA256 match,not-executed,not-applicable,excluded,8434d68cdd701ca05f5efd588bcf2500cb8718e22321b114f2a0bf12788ef47c,8434d68cdd701ca05f5efd588bcf2500cb8718e22321b114f2a0bf12788ef47c,missing
sample-jxl,.jxl,tests/fixtures/sample.jxl,image/jxl,.jxl,,excluded,needs_review,pending,,generated:scripts.generators; tier=exact-byte,exact-byte,SHA256 match,not-executed,not-applicable,excluded,938543fb27f1f2c3498a43e167095f4bd61b53382a9bb2079d122a5eb50aecdd,938543fb27f1f2c3498a43e167095f4bd61b53382a9bb2079d122a5eb50aecdd,missing
sample-mht,.mht,tests/fixtures/sample.mht,message/rfc822,.mht,,excluded,needs_review,pending,,generated:scripts.generators; tier=exact-byte,exact-byte,SHA256 match,not-executed,not-applicable,excluded,69018aae28c71f0c93eef0105699e81a40b9f3869bd99bcb3b54f041952d618c,69018aae28c71f0c93eef0105699e81a40b9f3869bd99bcb3b54f041952d618c,missing
sample-midi,.midi,tests/fixtures/sample.midi,audio/midi,.midi,,excluded,needs_review,pending,,generated:scripts.generators; tier=exact-byte,exact-byte,SHA256 match,not-executed,not-applicable,excluded,37c0c04884ced6b66f1b77872eb6c561147d9deed1ebe3f749595e35d90cce26,37c0c04884ced6b66f1b77872eb6c561147d9deed1ebe3f749595e35d90cce26,missing
sample-mkv,.mkv,tests/fixtures/sample.mkv,video/x-matroska,.mkv,,excluded,needs_review,pending,,generated:scripts.generators; tier=exact-byte,exact-byte,SHA256 match,not-executed,not-applicable,excluded,3ba8e04fa9ec4432398dbb9a5fdfd39471d8757e77d656e5de67e4cf96502eb0,3ba8e04fa9ec4432398dbb9a5fdfd39471d8757e77d656e5de67e4cf96502eb0,missing
sample-mov,.mov,tests/fixtures/sample.mov,video/quicktime,.mov,,excluded,needs_review,pending,,generated:scripts.generators; tier=exact-byte,exact-byte,SHA256 match,not-executed,not-applicable,excluded,858b8eb825214354dd8211ac09ddc99a3275830081f979debf4611b687d72a42,858b8eb825214354dd8211ac09ddc99a3275830081f979debf4611b687d72a42,missing
sample-mp3,.mp3,tests/fixtures/sample.mp3,audio/mpeg,.mp3,,excluded,needs_review,pending,,generated:scripts.generators; tier=exact-byte,exact-byte,SHA256 match,not-executed,not-applicable,excluded,3ca67a2026e23fef62689330f4d62c1e10c7617b5b4db3e64e8a42d477b53473,3ca67a2026e23fef62689330f4d62c1e10c7617b5b4db3e64e8a42d477b53473,missing
sample-mp4,.mp4,tests/fixtures/sample.mp4,video/mp4,.mp4,,excluded,needs_review,pending,,generated:scripts.generators; tier=exact-byte,exact-byte,SHA256 match,not-executed,not-applicable,excluded,3c5f8f8c530ee00533e5c21b5d04e8661ba03879abb1362d39e22629bb929061,3c5f8f8c530ee00533e5c21b5d04e8661ba03879abb1362d39e22629bb929061,missing
sample-odp,.odp,tests/fixtures/sample.odp,application/vnd.oasis.opendocument.presentation,.odp,,excluded,needs_review,pending,,generated:scripts.generators; tier=exact-byte,exact-byte,SHA256 match,not-executed,not-applicable,excluded,396a6487b16d56d0385fff6312b3d63a7a33af82fc6dbf7043d412f7a3b6f4b4,396a6487b16d56d0385fff6312b3d63a7a33af82fc6dbf7043d412f7a3b6f4b4,missing
sample-ods,.ods,tests/fixtures/sample.ods,application/vnd.oasis.opendocument.spreadsheet,.ods,,excluded,needs_review,pending,,generated:scripts.generators; tier=exact-byte,exact-byte,SHA256 match,not-executed,not-applicable,excluded,fef030d21e9f5cd3618ca826c49a7185491b13c6d2126202394dda2299cf81f6,fef030d21e9f5cd3618ca826c49a7185491b13c6d2126202394dda2299cf81f6,missing
sample-odt,.odt,tests/fixtures/sample.odt,application/vnd.oasis.opendocument.text,.odt,,excluded,needs_review,pending,,generated:scripts.generators; tier=exact-byte,exact-byte,SHA256 match,not-executed,not-applicable,excluded,809366ebc0f1f7d4b52d7902df0c913876022b78dba5a5eadc4b2b37ed66cf6d,809366ebc0f1f7d4b52d7902df0c913876022b78dba5a5eadc4b2b37ed66cf6d,missing
sample-patch,.patch,tests/fixtures/sample.patch,text/x-diff,.diff; .patch,,excluded,needs_review,pending,,generated:scripts.generators; tier=exact-byte,exact-byte,SHA256 match,not-executed,not-applicable,excluded,d385474b801bc7009bd4d4d22f70b533d483ce5d0d928aaf5527a288f971c37e,d385474b801bc7009bd4d4d22f70b533d483ce5d0d928aaf5527a288f971c37e,missing
sample-pdf,.pdf,tests/fixtures/sample.pdf,application/pdf,.pdf,,excluded,needs_review,pending,,generated:scripts.generators; tier=exact-byte,exact-byte,SHA256 match,not-executed,not-applicable,excluded,f632de16e867e6ef2c93e59c8a49aec4036b17d8bf46a1ac3ddb7379dc074d30,f632de16e867e6ef2c93e59c8a49aec4036b17d8bf46a1ac3ddb7379dc074d30,missing
sample-pgp,.pgp,tests/fixtures/sample.pgp,application/pgp-encrypted,.pgp,,excluded,needs_review,pending,,generated:scripts.generators; tier=exact-byte,exact-byte,SHA256 match,not-executed,not-applicable,excluded,29030f884b5113c98a52bbe35477027a5a25c7c3caa932ee525429802af85e2d,29030f884b5113c98a52bbe35477027a5a25c7c3caa932ee525429802af85e2d,missing
sample-pl,.pl,tests/fixtures/sample.pl,text/x-perl,.pl,,excluded,needs_review,pending,,generated:scripts.generators; tier=exact-byte,exact-byte,SHA256 match,not-executed,not-applicable,excluded,bdf62f698a2dc99f2155a489a4d8e9348f0f4163e050c04905b56ca30f3a26b3,bdf62f698a2dc99f2155a489a4d8e9348f0f4163e050c04905b56ca30f3a26b3,missing
sample-png,.png,tests/fixtures/sample.png,image/png,.png,,excluded,needs_review,pending,,generated:scripts.generators; tier=exact-byte,exact-byte,SHA256 match,not-executed,not-applicable,excluded,b1ff9c8ea3a780bad09b346c423d2d0e46815926879b18e841d928376a946640,b1ff9c8ea3a780bad09b346c423d2d0e46815926879b18e841d928376a946640,missing
sample-ppt,.ppt,tests/fixtures/sample.ppt,application/vnd.ms-powerpoint,.ppt,,excluded,needs_review,pending,,generated:scripts.generators; tier=exact-byte,exact-byte,SHA256 match,not-executed,not-applicable,excluded,64275a6685b8f267827178037dcc59de927475e56385725916f4c6039c7ce7f6,64275a6685b8f267827178037dcc59de927475e56385725916f4c6039c7ce7f6,missing
sample-pptx,.pptx,tests/fixtures/sample.pptx,application/vnd.openxmlformats-officedocument.presentationml.presentation,.pptx; .pptm,,excluded,needs_review,pending,,generated:scripts.generators; tier=exact-byte,exact-byte,SHA256 match,not-executed,not-applicable,excluded,bfb4b2f07c9233afd2f32aa5781d849d0c7d225bf03721a10becf487b481d828,bfb4b2f07c9233afd2f32aa5781d849d0c7d225bf03721a10becf487b481d828,missing
sample-ps,.ps,tests/fixtures/sample.ps,application/postscript,.ps,,excluded,needs_review,pending,,generated:scripts.generators; tier=exact-byte,exact-byte,SHA256 match,not-executed,not-applicable,excluded,cb3e1552737d87a6ac98b5ab387d41e772908fff5578e7a9c84ebdd99b307255,cb3e1552737d87a6ac98b5ab387d41e772908fff5578e7a9c84ebdd99b307255,missing
sample-psd,.psd,tests/fixtures/sample.psd,image/vnd.adobe.photoshop,.psd,,excluded,needs_review,pending,,generated:scripts.generators; tier=exact-byte,exact-byte,SHA256 match,not-executed,not-applicable,excluded,36305f622c66bd2af407f8258947b3ae4cd0375ea4d42ff76bda9fa5dda25810,36305f622c66bd2af407f8258947b3ae4cd0375ea4d42ff76bda9fa5dda25810,missing
sample-svg,.svg,tests/fixtures/sample.svg,image/svg+xml,.svg,,excluded,needs_review,pending,,generated:scripts.generators; tier=exact-byte,exact-byte,SHA256 match,not-executed,not-applicable,excluded,3f89ee85ef4cc98e54b23777d00bcb1198b412c4032f7615680345313f8c8a1f,3f89ee85ef4cc98e54b23777d00bcb1198b412c4032f7615680345313f8c8a1f,missing
sample-tar,.tar,tests/fixtures/sample.tar,application/x-tar,.tar,,excluded,needs_review,pending,,generated:scripts.generators; tier=exact-byte,exact-byte,SHA256 match,not-executed,not-applicable,excluded,3a202801e88495a72afd0b49fb2c982cc8b2a24b8a44b89974701e3fca00c00e,3a202801e88495a72afd0b49fb2c982cc8b2a24b8a44b89974701e3fca00c00e,missing
sample-tex,.tex,tests/fixtures/sample.tex,text/x-tex,.tex; .sty,,excluded,needs_review,pending,,generated:scripts.generators; tier=exact-byte,exact-byte,SHA256 match,not-executed,not-applicable,excluded,416b8aa56953e42705f78d650b563ce5730c108ba7b723c5435d92e6d9f0901d,416b8aa56953e42705f78d650b563ce5730c108ba7b723c5435d92e6d9f0901d,missing
sample-tif,.tif,tests/fixtures/sample.tif,image/tiff,.tif,,excluded,needs_review,pending,,generated:scripts.generators; tier=exact-byte,exact-byte,SHA256 match,not-executed,not-applicable,excluded,c37e17ffad699c434f3e742e63207776cf4eab017efde278d2ee6fde02381b0d,c37e17ffad699c434f3e742e63207776cf4eab017efde278d2ee6fde02381b0d,missing
sample-tiff,.tiff,tests/fixtures/sample.tiff,image/tiff,.tiff,,excluded,needs_review,pending,,generated:scripts.generators; tier=exact-byte,exact-byte,SHA256 match,not-executed,not-applicable,excluded,c37e17ffad699c434f3e742e63207776cf4eab017efde278d2ee6fde02381b0d,c37e17ffad699c434f3e742e63207776cf4eab017efde278d2ee6fde02381b0d,missing
sample-torrent,.torrent,tests/fixtures/sample.torrent,application/x-bittorrent,.torrent,,excluded,needs_review,pending,,generated:scripts.generators; tier=exact-byte,exact-byte,SHA256 match,not-executed,not-applicable,excluded,abdda9fa9bcf236357974bef00b34d4c0967f63929d1b7ad8a4598383e0a8f19,abdda9fa9bcf236357974bef00b34d4c0967f63929d1b7ad8a4598383e0a8f19,missing
sample-vcard,.vcard,tests/fixtures/sample.vcard,text/vcard,.vcard,,excluded,needs_review,pending,,generated:scripts.generators; tier=exact-byte,exact-byte,SHA256 match,not-executed,not-applicable,excluded,7fa34bd68380f45f6f4402cc173523cec1482f2cb2e56b0247468bf662292f14,7fa34bd68380f45f6f4402cc173523cec1482f2cb2e56b0247468bf662292f14,missing
sample-wav,.wav,tests/fixtures/sample.wav,audio/x-wav,.wav,,excluded,needs_review,pending,,generated:scripts.generators; tier=exact-byte,exact-byte,SHA256 match,not-executed,not-applicable,excluded,337ca484f7d44bde1e15fcc7eb62d870cedc77360db0c0a5241e0158afd74f9b,337ca484f7d44bde1e15fcc7eb62d870cedc77360db0c0a5241e0158afd74f9b,missing
sample-webm,.webm,tests/fixtures/sample.webm,video/webm,.webm,,excluded,verified,ffprobe WebM decode/container,distinctive,generated:scripts.generators; tier=exact-byte,exact-byte,SHA256 match,not-executed,not-applicable,excluded,355ce0a0ed61a50052ba040595f97a5fef2d590010bb90b4228e7a731ff7de18,355ce0a0ed61a50052ba040595f97a5fef2d590010bb90b4228e7a731ff7de18,missing
sample-webp,.webp,tests/fixtures/sample.webp,image/webp,.webp,,excluded,needs_review,pending,,generated:scripts.generators; tier=exact-byte,exact-byte,SHA256 match,not-executed,not-applicable,excluded,c8d1043bd19c7aad0d3e889d232de55924a82988627372e273ffafbf9ba0dfa3,c8d1043bd19c7aad0d3e889d232de55924a82988627372e273ffafbf9ba0dfa3,missing
sample-xcf,.xcf,tests/fixtures/sample.xcf,image/x-xcf,.xcf,,excluded,needs_review,pending,,generated:scripts.generators; tier=exact-byte,exact-byte,SHA256 match,not-executed,not-applicable,excluded,caad39ce15042843f8c4785ad8c919ebf3e1af187488e7ab24bbc446c0f90500,caad39ce15042843f8c4785ad8c919ebf3e1af187488e7ab24bbc446c0f90500,missing
sample-xls,.xls,tests/fixtures/sample.xls,application/vnd.ms-excel,.xls,,excluded,needs_review,pending,,generated:scripts.generators; tier=exact-byte,exact-byte,SHA256 match,not-executed,not-applicable,excluded,53c9bd7337aa79fedf29cef8d81ec47fff39f80e25da9d74bc354cfdf1c43b73,53c9bd7337aa79fedf29cef8d81ec47fff39f80e25da9d74bc354cfdf1c43b73,missing
sample-xlsx,.xlsx,tests/fixtures/sample.xlsx,application/vnd.openxmlformats-officedocument.spreadsheetml.sheet,.xlsx; .xlsm,,excluded,needs_review,pending,,generated:scripts.generators; tier=exact-byte,exact-byte,SHA256 match,not-executed,not-applicable,excluded,7c88883ea9ff72d8f90239cb1a5f5d9744014b611d9b1588a090ba7629a381de,7c88883ea9ff72d8f90239cb1a5f5d9744014b611d9b1588a090ba7629a381de,missing
sample-zst,.zst,tests/fixtures/sample.zst,application/zstd,.zst,,excluded,needs_review,pending,,generated:scripts.generators; tier=exact-byte,exact-byte,SHA256 match,not-executed,not-applicable,excluded,d37d02a42de16c26def4df27f09b5a0dc0e316cd5f1f58f814f839f32b14b35d,d37d02a42de16c26def4df27f09b5a0dc0e316cd5f1f58f814f839f32b14b35d,missing
sample-CBL,.cbl,tests/fixtures/sample.uppercase.CBL,text/x-cobol,.cbl; .cob; .cpy; .cbl; .cob; .cpy,,excluded,needs_review,pending,,generated:scripts.generators; tier=exact-byte,exact-byte,SHA256 match,not-executed,not-applicable,excluded,b94547a0e1651f696efbf7bffe47700f6739ba2fba8470d564cc1851bd99a6ce,b94547a0e1651f696efbf7bffe47700f6739ba2fba8470d564cc1851bd99a6ce,missing
sample-COB,.cob,tests/fixtures/sample.uppercase.COB,text/x-cobol,.cbl; .cob; .cpy; .cbl; .cob; .cpy,,excluded,needs_review,pending,,generated:scripts.generators; tier=exact-byte,exact-byte,SHA256 match,not-executed,not-applicable,excluded,b94547a0e1651f696efbf7bffe47700f6739ba2fba8470d564cc1851bd99a6ce,b94547a0e1651f696efbf7bffe47700f6739ba2fba8470d564cc1851bd99a6ce,missing
sample-F90,.f90,tests/fixtures/sample.uppercase.F90,text/x-fortran,.f90; .f95; .f03; .f90,,excluded,needs_review,pending,,generated:scripts.generators; tier=exact-byte,exact-byte,SHA256 match,not-executed,not-applicable,excluded,e505c52c6338c4e0f3515ca58f442f55f7d14d4acf2070cd92f3daf73dc287a8,e505c52c6338c4e0f3515ca58f442f55f7d14d4acf2070cd92f3daf73dc287a8,missing
sample-P,.p,tests/fixtures/sample.uppercase.P,text/x-prolog,.p,,excluded,needs_review,pending,,generated:scripts.generators; tier=exact-byte,exact-byte,SHA256 match,not-executed,not-applicable,excluded,2813b8d3b7e26e50ba9bf83feeda83372bf99d6982883078525e212cdacc5c95,2813b8d3b7e26e50ba9bf83feeda83372bf99d6982883078525e212cdacc5c95,missing
sample-R,.r,tests/fixtures/sample.uppercase.R,text/x-r,.r,,excluded,needs_review,pending,,generated:scripts.generators; tier=exact-byte,exact-byte,SHA256 match,not-executed,not-applicable,excluded,4a93b45feb02b571abdbb4623580d70de4349b959ac8f095b6b241a3ae6dbcd8,4a93b45feb02b571abdbb4623580d70de4349b959ac8f095b6b241a3ae6dbcd8,missing
sample-aff,.aff,tests/fixtures/sample.aff,text/x-msdos-batch,.aff,,excluded,needs_review,pending,,generated:scripts.generators; tier=exact-byte,exact-byte,SHA256 match,not-executed,not-applicable,excluded,3590b8bb285d95f699fe067dd7f889fbaaaa7a9bfa092b010fef5f3a3d7f807d,3590b8bb285d95f699fe067dd7f889fbaaaa7a9bfa092b010fef5f3a3d7f807d,missing
sample-asp,.asp,tests/fixtures/sample.asp,text/html,.aspx; .asp,,excluded,needs_review,pending,,generated:scripts.generators; tier=exact-byte,exact-byte,SHA256 match,not-executed,not-applicable,excluded,c9596576af7be852bdcd9e1abe3b427aa1190a3133932831010195727ce93e51,c9596576af7be852bdcd9e1abe3b427aa1190a3133932831010195727ce93e51,missing
sample-bib,.bib,tests/fixtures/sample.bib,text/x-bibtex,.bib,,excluded,needs_review,pending,,generated:scripts.generators; tier=exact-byte,exact-byte,SHA256 match,not-executed,not-applicable,excluded,3398b1deae77d688e91a1fea73963144ff664a3c4b0332ebccedefe086d9d965,3398b1deae77d688e91a1fea73963144ff664a3c4b0332ebccedefe086d9d965,missing
sample-bluespec,.bluespec,tests/fixtures/sample.bluespec,text/x-vhdl,.bluespec,,excluded,needs_review,pending,,generated:scripts.generators; tier=exact-byte,exact-byte,SHA256 match,not-executed,not-applicable,excluded,531dba2ea0fed21010b82711183e2e9c4c53d5a9f7ea5dc22cc89229f2bc79b5,531dba2ea0fed21010b82711183e2e9c4c53d5a9f7ea5dc22cc89229f2bc79b5,missing
sample-bplist,.bplist,tests/fixtures/sample.bplist,application/x-bplist,.bplist; .plist,,excluded,needs_review,pending,,generated:scripts.generators; tier=exact-byte,exact-byte,SHA256 match,not-executed,not-applicable,excluded,5ef41ca666c21162ca1e98a0f39845f9133a1efa65c533c866e74ecc1499c25f,5ef41ca666c21162ca1e98a0f39845f9133a1efa65c533c866e74ecc1499c25f,missing
sample-cabal,.cabal,tests/fixtures/sample.cabal,application/x-yaml,.cabal,,excluded,needs_review,pending,,generated:scripts.generators; tier=exact-byte,exact-byte,SHA256 match,not-executed,not-applicable,excluded,567787ff6229bcc4806452f0ef4e4e5198b972608ab732ed38ed81147aa3e6c7,567787ff6229bcc4806452f0ef4e4e5198b972608ab732ed38ed81147aa3e6c7,missing
sample-cairo,.cairo,tests/fixtures/sample.cairo,application/x-rust,.cairo,,excluded,needs_review,pending,,generated:scripts.generators; tier=exact-byte,exact-byte,SHA256 match,not-executed,not-applicable,excluded,544bb8cfb578f2b7979947acd589a545c1806b0b92973bec39e34fc67dbee45f,544bb8cfb578f2b7979947acd589a545c1806b0b92973bec39e34fc67dbee45f,missing
sample-cbl,.cbl,tests/fixtures/sample.cbl,text/x-cobol,.cbl; .cob; .cpy; .cbl; .cob; .cpy,,excluded,needs_review,pending,,generated:scripts.generators; tier=exact-byte,exact-byte,SHA256 match,not-executed,not-applicable,excluded,b94547a0e1651f696efbf7bffe47700f6739ba2fba8470d564cc1851bd99a6ce,b94547a0e1651f696efbf7bffe47700f6739ba2fba8470d564cc1851bd99a6ce,missing
sample-cer,.cer,tests/fixtures/sample.cer,application/pkix-cert,.cer,,verified,verified,x509-load-determinism,,generated:scripts.generators; tier=exact-byte,exact-byte,SHA256 match,not-executed,not-applicable,verified,2752b0697baff0d52e016c9e2dca8a7dd9ff7b257079944230e791c4c063ed1d,2752b0697baff0d52e016c9e2dca8a7dd9ff7b257079944230e791c4c063ed1d,complete
sample-chisel,.chisel,tests/fixtures/sample.chisel,application/x-scala,.chisel,,excluded,needs_review,pending,,generated:scripts.generators; tier=exact-byte,exact-byte,SHA256 match,not-executed,not-applicable,excluded,b062f5c92ef3d713b8504d5a84626b49f572044ec5dfaab6aef91d98c9e8b092,b062f5c92ef3d713b8504d5a84626b49f572044ec5dfaab6aef91d98c9e8b092,missing
sample-cjs,.cjs,tests/fixtures/sample.cjs,application/javascript,.js; .mjs; .cjs,,excluded,needs_review,pending,,generated:scripts.generators; tier=exact-byte,exact-byte,SHA256 match,not-executed,not-applicable,excluded,954d3a469a5c7181cafcef3d9c70bc28fd6e03eea35a1af9da16bfb10a467fe7,954d3a469a5c7181cafcef3d9c70bc28fd6e03eea35a1af9da16bfb10a467fe7,missing
sample-cmake,.cmake,tests/fixtures/sample.cmake,text/x-cmake,.cmake,,excluded,needs_review,pending,,generated:scripts.generators; tier=exact-byte,exact-byte,SHA256 match,not-executed,not-applicable,excluded,3bc5666501b4152aff376399070f0847f9dd89434492c567db1102ad9138f486,3bc5666501b4152aff376399070f0847f9dd89434492c567db1102ad9138f486,missing
sample-cob,.cob,tests/fixtures/sample.cob,text/x-cobol,.cbl; .cob; .cpy; .cbl; .cob; .cpy,,excluded,needs_review,pending,,generated:scripts.generators; tier=exact-byte,exact-byte,SHA256 match,not-executed,not-applicable,excluded,b94547a0e1651f696efbf7bffe47700f6739ba2fba8470d564cc1851bd99a6ce,b94547a0e1651f696efbf7bffe47700f6739ba2fba8470d564cc1851bd99a6ce,missing
sample-coffee,.coffee,tests/fixtures/sample.coffee,text/coffeescript,.coffee,,excluded,needs_review,pending,,generated:scripts.generators; tier=exact-byte,exact-byte,SHA256 match,not-executed,not-applicable,excluded,0aedb579893e844e123074468417f9e0be2c7425b0a118d1214e32558acbb736,0aedb579893e844e123074468417f9e0be2c7425b0a118d1214e32558acbb736,missing
sample-cpy,.cpy,tests/fixtures/sample.cpy,text/x-cobol,.cbl; .cob; .cpy; .cbl; .cob; .cpy,,excluded,needs_review,pending,,generated:scripts.generators; tier=exact-byte,exact-byte,SHA256 match,not-executed,not-applicable,excluded,b94547a0e1651f696efbf7bffe47700f6739ba2fba8470d564cc1851bd99a6ce,b94547a0e1651f696efbf7bffe47700f6739ba2fba8470d564cc1851bd99a6ce,missing
sample-crt,.crt,tests/fixtures/sample.crt,application/x-pem-file,.crt,,excluded,verified,x509-load-determinism,,generated:scripts.generators; tier=exact-byte,exact-byte,SHA256 match,not-executed,not-applicable,excluded,a8d6e04a98bd201ccab5bf116075df79209ea50a0a7435ed3caf65797e3470ef,a8d6e04a98bd201ccab5bf116075df79209ea50a0a7435ed3caf65797e3470ef,missing
sample-css,.css,tests/fixtures/sample.css,text/css,.css,,excluded,needs_review,pending,,generated:scripts.generators; tier=exact-byte,exact-byte,SHA256 match,not-executed,not-applicable,excluded,18e154dfc9f580a68108ada06929804cef7665009bb257d6e33a7dac352047be,18e154dfc9f580a68108ada06929804cef7665009bb257d6e33a7dac352047be,missing
sample-cts,.cts,tests/fixtures/sample.cts,application/typescript,.ts; .mts; .cts,,excluded,needs_review,pending,,generated:scripts.generators; tier=exact-byte,exact-byte,SHA256 match,not-executed,not-applicable,excluded,c918ec6d5df7e6e7cdb5b72b597d3203e7c8e00df2a4a5e817b7cae1e7a62806,c918ec6d5df7e6e7cdb5b72b597d3203e7c8e00df2a4a5e817b7cae1e7a62806,missing
sample-der,.der,tests/fixtures/sample.der,application/x-x509-ca-cert,.der; .cer; .crt,,excluded,verified,x509-load-determinism,,generated:scripts.generators; tier=exact-byte,exact-byte,SHA256 match,not-executed,not-applicable,excluded,391049816c3c6e3e0e02f386e44f593b59ba86269e82b9226f2a0543a9356f51,391049816c3c6e3e0e02f386e44f593b59ba86269e82b9226f2a0543a9356f51,missing
sample-dmg,.dmg,tests/fixtures/sample.dmg,application/x-apple-diskimage,.dmg,,excluded,needs_review,pending,,generated:scripts.generators; tier=exact-byte,exact-byte,SHA256 match,not-executed,not-applicable,excluded,19c8a05df9140da2d4302e629de61c805c80f77e8131ac4756ec5435899b4367,19c8a05df9140da2d4302e629de61c805c80f77e8131ac4756ec5435899b4367,missing
sample-erl,.erl,tests/fixtures/sample.erl,text/x-erlang,.erl; .hrl,,excluded,needs_review,pending,,generated:scripts.generators; tier=exact-byte,exact-byte,SHA256 match,not-executed,not-applicable,excluded,f71bc67deb731180f216670c67859fe3ed873e007ba4e0a588abd7b25c76033d,f71bc67deb731180f216670c67859fe3ed873e007ba4e0a588abd7b25c76033d,missing
sample-f03,.f03,tests/fixtures/sample.f03,text/x-fortran,.f90; .f95; .f03; .f90,,excluded,needs_review,pending,,generated:scripts.generators; tier=exact-byte,exact-byte,SHA256 match,not-executed,not-applicable,excluded,e505c52c6338c4e0f3515ca58f442f55f7d14d4acf2070cd92f3daf73dc287a8,e505c52c6338c4e0f3515ca58f442f55f7d14d4acf2070cd92f3daf73dc287a8,missing
sample-f90,.f90,tests/fixtures/sample.f90,text/x-fortran,.f90; .f95; .f03; .f90,,excluded,needs_review,pending,,generated:scripts.generators; tier=exact-byte,exact-byte,SHA256 match,not-executed,not-applicable,excluded,e505c52c6338c4e0f3515ca58f442f55f7d14d4acf2070cd92f3daf73dc287a8,e505c52c6338c4e0f3515ca58f442f55f7d14d4acf2070cd92f3daf73dc287a8,missing
sample-f95,.f95,tests/fixtures/sample.f95,text/x-fortran,.f90; .f95; .f03; .f90,,excluded,needs_review,pending,,generated:scripts.generators; tier=exact-byte,exact-byte,SHA256 match,not-executed,not-applicable,excluded,e505c52c6338c4e0f3515ca58f442f55f7d14d4acf2070cd92f3daf73dc287a8,e505c52c6338c4e0f3515ca58f442f55f7d14d4acf2070cd92f3daf73dc287a8,missing
sample-go,.go,tests/fixtures/sample.go,text/x-golang,.go,,excluded,needs_review,pending,,generated:scripts.generators; tier=exact-byte,exact-byte,SHA256 match,not-executed,not-applicable,excluded,2ff8fdfb83568061e2bd592c0ccbe12a214b6e108d6426634e0358ae9c6075fc,2ff8fdfb83568061e2bd592c0ccbe12a214b6e108d6426634e0358ae9c6075fc,missing
sample-gradle,.gradle,tests/fixtures/sample.gradle,text/x-groovy,.gradle,,excluded,needs_review,pending,,generated:scripts.generators; tier=exact-byte,exact-byte,SHA256 match,not-executed,not-applicable,excluded,f74eed95926856c746f76437104221c94223c22880066d2fb34543ae1c739f8d,f74eed95926856c746f76437104221c94223c22880066d2fb34543ae1c739f8d,missing
sample-hcl,.hcl,tests/fixtures/sample.hcl,text/x-hcl,.hcl,,excluded,needs_review,pending,,generated:scripts.generators; tier=exact-byte,exact-byte,SHA256 match,not-executed,not-applicable,excluded,a49bae30ea4659116b8b677ea4855aae4203f85dd5d37a503759767a175e0f70,a49bae30ea4659116b8b677ea4855aae4203f85dd5d37a503759767a175e0f70,missing
sample-hrl,.hrl,tests/fixtures/sample.hrl,text/x-erlang,.erl; .hrl,,excluded,needs_review,pending,,generated:scripts.generators; tier=exact-byte,exact-byte,SHA256 match,not-executed,not-applicable,excluded,548355702a231e1ed63156166efcb2cb74e3657a2e3c5afd233fe041206084c7,548355702a231e1ed63156166efcb2cb74e3657a2e3c5afd233fe041206084c7,missing
sample-js,.js,tests/fixtures/sample.js,application/javascript,.js; .mjs; .cjs,,excluded,needs_review,pending,,generated:scripts.generators; tier=exact-byte,exact-byte,SHA256 match,not-executed,not-applicable,excluded,954d3a469a5c7181cafcef3d9c70bc28fd6e03eea35a1af9da16bfb10a467fe7,954d3a469a5c7181cafcef3d9c70bc28fd6e03eea35a1af9da16bfb10a467fe7,missing
sample-litcoffee,.litcoffee,tests/fixtures/sample.litcoffee,text/coffeescript,.litcoffee,,excluded,needs_review,pending,,generated:scripts.generators; tier=exact-byte,exact-byte,SHA256 match,not-executed,not-applicable,excluded,e0ce8454223b95c47be0fdbb74e1e4d87db09f980f606eea85ff70314dee3803,e0ce8454223b95c47be0fdbb74e1e4d87db09f980f606eea85ff70314dee3803,missing
sample-lnk,.lnk,tests/fixtures/sample.lnk,application/x-ms-shortcut,.lnk,,excluded,needs_review,pending,,generated:scripts.generators; tier=exact-byte,exact-byte,SHA256 match,not-executed,not-applicable,excluded,0463fe769da36a41cf7bd3f36ff26d26f7914c287581b6f4c58f066cea9eed8b,0463fe769da36a41cf7bd3f36ff26d26f7914c287581b6f4c58f066cea9eed8b,missing
sample-lock,.lock,tests/fixtures/sample.lock,text/x-julia,.lock,,excluded,needs_review,pending,,generated:scripts.generators; tier=exact-byte,exact-byte,SHA256 match,not-executed,not-applicable,excluded,aa83c0e4532cacdb73a459853097173246cb4ff32feb87254d3248537cb0facb,aa83c0e4532cacdb73a459853097173246cb4ff32feb87254d3248537cb0facb,missing
sample-markdown,.markdown,tests/fixtures/sample.markdown,text/markdown,.md; .markdown,,excluded,needs_review,pending,,generated:scripts.generators; tier=exact-byte,exact-byte,SHA256 match,not-executed,not-applicable,excluded,1a040b55efcdc94220f18fae7c244daccd1268c6eaffc4c6c4a0f3f3a4569c4d,1a040b55efcdc94220f18fae7c244daccd1268c6eaffc4c6c4a0f3f3a4569c4d,missing
sample-matlab,.matlab,tests/fixtures/sample.matlab,text/x-matlab,.m; .matlab,,excluded,needs_review,pending,,generated:scripts.generators; tier=exact-byte,exact-byte,SHA256 match,not-executed,not-applicable,excluded,324bd816ee326a247c4576681856c948643900b255102c420a8fb2b44c8641b9,324bd816ee326a247c4576681856c948643900b255102c420a8fb2b44c8641b9,missing
sample-md,.md,tests/fixtures/sample.md,text/markdown,.md; .markdown,,excluded,needs_review,pending,,generated:scripts.generators; tier=exact-byte,exact-byte,SHA256 match,not-executed,not-applicable,excluded,1a040b55efcdc94220f18fae7c244daccd1268c6eaffc4c6c4a0f3f3a4569c4d,1a040b55efcdc94220f18fae7c244daccd1268c6eaffc4c6c4a0f3f3a4569c4d,missing
sample-mjs,.mjs,tests/fixtures/sample.mjs,application/javascript,.js; .mjs; .cjs,,excluded,needs_review,pending,,generated:scripts.generators; tier=exact-byte,exact-byte,SHA256 match,not-executed,not-applicable,excluded,954d3a469a5c7181cafcef3d9c70bc28fd6e03eea35a1af9da16bfb10a467fe7,954d3a469a5c7181cafcef3d9c70bc28fd6e03eea35a1af9da16bfb10a467fe7,missing
sample-ml,.ml,tests/fixtures/sample.ml,text-ocaml,.ml; .mli,,excluded,needs_review,pending,,generated:scripts.generators; tier=exact-byte,exact-byte,SHA256 match,not-executed,not-applicable,excluded,0a0560fd6edfe118e7906bcadfd0aaf85f1c5a8006ae96cafc39dbbcee8b3550,0a0560fd6edfe118e7906bcadfd0aaf85f1c5a8006ae96cafc39dbbcee8b3550,missing
sample-mli,.mli,tests/fixtures/sample.mli,text-ocaml,.ml; .mli,,excluded,needs_review,pending,,generated:scripts.generators; tier=exact-byte,exact-byte,SHA256 match,not-executed,not-applicable,excluded,2e95bd4d5c5466bf934766b905f9ad74315b7cc457e771368c3cff661fe93be0,2e95bd4d5c5466bf934766b905f9ad74315b7cc457e771368c3cff661fe93be0,missing
sample-mojo,.mojo,tests/fixtures/sample.mojo,text/x-python,.mojo,,excluded,needs_review,pending,,generated:scripts.generators; tier=exact-byte,exact-byte,SHA256 match,not-executed,not-applicable,excluded,1f59fe1ec825b382f76910c2c425dcdf08c3fbe6eda0272cedc6b11e58c8a33c,1f59fe1ec825b382f76910c2c425dcdf08c3fbe6eda0272cedc6b11e58c8a33c,missing
sample-move,.move,tests/fixtures/sample.move,application/x-rust,.move,,excluded,needs_review,pending,,generated:scripts.generators; tier=exact-byte,exact-byte,SHA256 match,not-executed,not-applicable,excluded,07888cd2b9a760418c6a6829ae25c53ce50995c2e8e4e464b89e3c35f3177556,07888cd2b9a760418c6a6829ae25c53ce50995c2e8e4e464b89e3c35f3177556,missing
sample-mts,.mts,tests/fixtures/sample.mts,application/typescript,.ts; .mts; .cts,,excluded,needs_review,pending,,generated:scripts.generators; tier=exact-byte,exact-byte,SHA256 match,not-executed,not-applicable,excluded,c918ec6d5df7e6e7cdb5b72b597d3203e7c8e00df2a4a5e817b7cae1e7a62806,c918ec6d5df7e6e7cdb5b72b597d3203e7c8e00df2a4a5e817b7cae1e7a62806,missing
sample-odin,.odin,tests/fixtures/sample.odin,text/x-golang,.odin,,excluded,needs_review,pending,,generated:scripts.generators; tier=exact-byte,exact-byte,SHA256 match,not-executed,not-applicable,excluded,fac9a860b4180560eef1dd0364546fb9721568dc7c9827603f2761d7e7961331,fac9a860b4180560eef1dd0364546fb9721568dc7c9827603f2761d7e7961331,missing
sample-p,.p,tests/fixtures/sample.p,text/x-prolog,.p,,excluded,needs_review,pending,,generated:scripts.generators; tier=exact-byte,exact-byte,SHA256 match,not-executed,not-applicable,excluded,2813b8d3b7e26e50ba9bf83feeda83372bf99d6982883078525e212cdacc5c95,2813b8d3b7e26e50ba9bf83feeda83372bf99d6982883078525e212cdacc5c95,missing
sample-p6,.p6,tests/fixtures/sample.p6,text/x-perl,.p6,,excluded,needs_review,pending,,generated:scripts.generators; tier=exact-byte,exact-byte,SHA256 match,not-executed,not-applicable,excluded,82532c0042cbfbcc70202b40b0eeed771067d91e73cf2b7aa4d71f10a314f3d7,82532c0042cbfbcc70202b40b0eeed771067d91e73cf2b7aa4d71f10a314f3d7,missing
sample-pas,.pas,tests/fixtures/sample.pas,text/x-pascal,.pas; .pp,,excluded,needs_review,pending,,generated:scripts.generators; tier=exact-byte,exact-byte,SHA256 match,not-executed,not-applicable,excluded,5987d240e846dce240c113d7faa443d20553d0ce6a407ff5686394669553a771,5987d240e846dce240c113d7faa443d20553d0ce6a407ff5686394669553a771,missing
sample-pbtxt,.pbtxt,tests/fixtures/sample.pbtxt,application/x-yaml,.pbtxt,,excluded,needs_review,pending,,generated:scripts.generators; tier=exact-byte,exact-byte,SHA256 match,not-executed,not-applicable,excluded,eeda414fc309c1a932ae12ba01d04e993864c8e995bbcdf990d0ee908a1142c7,eeda414fc309c1a932ae12ba01d04e993864c8e995bbcdf990d0ee908a1142c7,missing
sample-pem,.pem,tests/fixtures/sample.pem,application/x-pem-file,.pem; .pub; .gpg,,excluded,needs_review,pending,,generated:scripts.generators; tier=exact-byte,exact-byte,SHA256 match,not-executed,not-applicable,excluded,3eacf6dc3b5d872fe7d65d8d389769dfc33a4fde60eb82cf2d45433f17f273e6,3eacf6dc3b5d872fe7d65d8d389769dfc33a4fde60eb82cf2d45433f17f273e6,missing
sample-pl6,.pl6,tests/fixtures/sample.pl6,text/x-perl,.pl6,,excluded,needs_review,pending,,generated:scripts.generators; tier=exact-byte,exact-byte,SHA256 match,not-executed,not-applicable,excluded,82532c0042cbfbcc70202b40b0eeed771067d91e73cf2b7aa4d71f10a314f3d7,82532c0042cbfbcc70202b40b0eeed771067d91e73cf2b7aa4d71f10a314f3d7,missing
sample-pm6,.pm6,tests/fixtures/sample.pm6,text/x-perl,.pm6,,excluded,needs_review,pending,,generated:scripts.generators; tier=exact-byte,exact-byte,SHA256 match,not-executed,not-applicable,excluded,82532c0042cbfbcc70202b40b0eeed771067d91e73cf2b7aa4d71f10a314f3d7,82532c0042cbfbcc70202b40b0eeed771067d91e73cf2b7aa4d71f10a314f3d7,missing
sample-pp,.pp,tests/fixtures/sample.pp,text/x-pascal,.pas; .pp,,excluded,needs_review,pending,,generated:scripts.generators; tier=exact-byte,exact-byte,SHA256 match,not-executed,not-applicable,excluded,5987d240e846dce240c113d7faa443d20553d0ce6a407ff5686394669553a771,5987d240e846dce240c113d7faa443d20553d0ce6a407ff5686394669553a771,missing
sample-pro,.pro,tests/fixtures/sample.pro,text/x-prolog,.pl; .pro; .p,,excluded,needs_review,pending,,generated:scripts.generators; tier=exact-byte,exact-byte,SHA256 match,not-executed,not-applicable,excluded,2813b8d3b7e26e50ba9bf83feeda83372bf99d6982883078525e212cdacc5c95,2813b8d3b7e26e50ba9bf83feeda83372bf99d6982883078525e212cdacc5c95,missing
sample-proto,.proto,tests/fixtures/sample.proto,text/x-proto,.proto,,excluded,needs_review,pending,,generated:scripts.generators; tier=exact-byte,exact-byte,SHA256 match,not-executed,not-applicable,excluded,47672cd9cd1eb0f1ef10a3e9d03148906d7b3f55b31cc4223f947bbe208584b0,47672cd9cd1eb0f1ef10a3e9d03148906d7b3f55b31cc4223f947bbe208584b0,missing
sample-r,.r,tests/fixtures/sample.r,text/x-r,.r,,excluded,needs_review,pending,,generated:scripts.generators; tier=exact-byte,exact-byte,SHA256 match,not-executed,not-applicable,excluded,00d281a236ec0e6bd8808e3e52ad47fd7bb4af424fee2849002a64428920e601,00d281a236ec0e6bd8808e3e52ad47fd7bb4af424fee2849002a64428920e601,missing
sample-raku,.raku,tests/fixtures/sample.raku,text/x-perl,.raku,,excluded,needs_review,pending,,generated:scripts.generators; tier=exact-byte,exact-byte,SHA256 match,not-executed,not-applicable,excluded,82532c0042cbfbcc70202b40b0eeed771067d91e73cf2b7aa4d71f10a314f3d7,82532c0042cbfbcc70202b40b0eeed771067d91e73cf2b7aa4d71f10a314f3d7,missing
sample-raku6,.raku6,tests/fixtures/sample.raku6,text/x-perl,.raku6,,excluded,needs_review,pending,,generated:scripts.generators; tier=exact-byte,exact-byte,SHA256 match,not-executed,not-applicable,excluded,82532c0042cbfbcc70202b40b0eeed771067d91e73cf2b7aa4d71f10a314f3d7,82532c0042cbfbcc70202b40b0eeed771067d91e73cf2b7aa4d71f10a314f3d7,missing
sample-reg,.reg,tests/fixtures/sample.reg,text/x-ms-regedit,.reg,,excluded,needs_review,pending,,generated:scripts.generators; tier=exact-byte,exact-byte,SHA256 match,not-executed,not-applicable,excluded,751345d2e05bef54ff327a8777327d2188a338fa0fbb6aba7638ebe12063e54f,751345d2e05bef54ff327a8777327d2188a338fa0fbb6aba7638ebe12063e54f,missing
sample-rs,.rs,tests/fixtures/sample.rs,application/x-rust,.rs,,excluded,needs_review,pending,,generated:scripts.generators; tier=exact-byte,exact-byte,SHA256 match,not-executed,not-applicable,excluded,87bbe4d96322fb3cde5b2ccb3b36d3e5db8f212b0d23444e3f2986196105ee90,87bbe4d96322fb3cde5b2ccb3b36d3e5db8f212b0d23444e3f2986196105ee90,missing
sample-rst,.rst,tests/fixtures/sample.rst,text/x-rst,.rst,,excluded,needs_review,pending,,generated:scripts.generators; tier=exact-byte,exact-byte,SHA256 match,not-executed,not-applicable,excluded,ff299978043c42e638fe7b272c82b0f6472cd07f287229c80583696438c21d14,ff299978043c42e638fe7b272c82b0f6472cd07f287229c80583696438c21d14,missing
sample-rust,.rust,tests/fixtures/sample.rust,application/x-rust,.rust,,excluded,needs_review,pending,,generated:scripts.generators; tier=exact-byte,exact-byte,SHA256 match,not-executed,not-applicable,excluded,e481ab6cd285b15dbf87b7490c3dab140db86e78d7852a0a456fcb5980551f7c,e481ab6cd285b15dbf87b7490c3dab140db86e78d7852a0a456fcb5980551f7c,missing
sample-scala,.scala,tests/fixtures/sample.scala,application/x-scala,.scala,,excluded,needs_review,pending,,generated:scripts.generators; tier=exact-byte,exact-byte,SHA256 match,not-executed,not-applicable,excluded,be1420e04c6e7effc5d661015740c38146f8c7e75ffad3c76e37eb2448e4bdc1,be1420e04c6e7effc5d661015740c38146f8c7e75ffad3c76e37eb2448e4bdc1,missing
sample-scm,.scm,tests/fixtures/sample.scm,text/x-lisp,.scm,,excluded,needs_review,pending,,generated:scripts.generators; tier=exact-byte,exact-byte,SHA256 match,not-executed,not-applicable,excluded,8dd9259774c4453b89494a5f27f3794814dc347d67ad93503e45688bb4a5b768,8dd9259774c4453b89494a5f27f3794814dc347d67ad93503e45688bb4a5b768,missing
sample-scss,.scss,tests/fixtures/sample.scss,text/x-scss,.scss,,excluded,needs_review,pending,,generated:scripts.generators; tier=exact-byte,exact-byte,SHA256 match,not-executed,not-applicable,excluded,76f4448ec1d8654867fa9bc65a62fa135c3f357b5420458266673bca10ec2bc7,76f4448ec1d8654867fa9bc65a62fa135c3f357b5420458266673bca10ec2bc7,missing
sample-snap,.snap,tests/fixtures/sample.snap,application/sla,.snap,,excluded,needs_review,w3_validate.py:squashfs-unsquashfs,,generated:scripts.generators; tier=exact-byte,exact-byte,SHA256 match,not-executed,not-applicable,excluded,5637affc9954069411fa9db430a3341845e3df2d9ddd36a9074a6b1787de683f,5637affc9954069411fa9db430a3341845e3df2d9ddd36a9074a6b1787de683f,missing
sample-sql,.sql,tests/fixtures/sample.sql,application/x-sql,.sql,,excluded,needs_review,pending,,generated:scripts.generators; tier=exact-byte,exact-byte,SHA256 match,not-executed,not-applicable,excluded,cd2879472a5a82183630337bf12aad134185bda9571e466e4dedc45e7ba0a074,cd2879472a5a82183630337bf12aad134185bda9571e466e4dedc45e7ba0a074,missing
sample-srt,.srt,tests/fixtures/sample.srt,text/srt,.srt,,excluded,needs_review,pending,,generated:scripts.generators; tier=exact-byte,exact-byte,SHA256 match,not-executed,not-applicable,excluded,4aa309b4c8a46872a269da21c9b81d738570cef4b38b8309188ae064ba8214e6,4aa309b4c8a46872a269da21c9b81d738570cef4b38b8309188ae064ba8214e6,missing
sample-ss,.ss,tests/fixtures/sample.ss,text/x-lisp,.ss,,excluded,needs_review,pending,,generated:scripts.generators; tier=exact-byte,exact-byte,SHA256 match,not-executed,not-applicable,excluded,8dd9259774c4453b89494a5f27f3794814dc347d67ad93503e45688bb4a5b768,8dd9259774c4453b89494a5f27f3794814dc347d67ad93503e45688bb4a5b768,missing
sample-sty,.sty,tests/fixtures/sample.sty,text/x-tex,.tex; .sty,,excluded,needs_review,pending,,generated:scripts.generators; tier=exact-byte,exact-byte,SHA256 match,not-executed,not-applicable,excluded,d296afd939aec8345f9af0d06d6805ef7300c51e528a635afd085b4150611be5,d296afd939aec8345f9af0d06d6805ef7300c51e528a635afd085b4150611be5,missing
sample-swift,.swift,tests/fixtures/sample.swift,text/x-swift,.swift,,excluded,needs_review,pending,,generated:scripts.generators; tier=exact-byte,exact-byte,SHA256 match,not-executed,not-applicable,excluded,862def99b452e0dbfa7e5473ef6ce99cc34474593dcfcbedacaea5fbbfa8a5f2,862def99b452e0dbfa7e5473ef6ce99cc34474593dcfcbedacaea5fbbfa8a5f2,missing
sample-tcl,.tcl,tests/fixtures/sample.tcl,application/x-tcl,.tcl,,excluded,needs_review,pending,,generated:scripts.generators; tier=exact-byte,exact-byte,SHA256 match,not-executed,not-applicable,excluded,0a12db129091608bbd68b84a7409364f67da93210d187e059e7f7baa60259ed4,0a12db129091608bbd68b84a7409364f67da93210d187e059e7f7baa60259ed4,missing
sample-textpb,.textpb,tests/fixtures/sample.textpb,application/x-yaml,.textpb,,excluded,needs_review,pending,,generated:scripts.generators; tier=exact-byte,exact-byte,SHA256 match,not-executed,not-applicable,excluded,eeda414fc309c1a932ae12ba01d04e993864c8e995bbcdf990d0ee908a1142c7,eeda414fc309c1a932ae12ba01d04e993864c8e995bbcdf990d0ee908a1142c7,missing
sample-textproto,.textproto,tests/fixtures/sample.textproto,application/x-yaml,.textproto,,excluded,needs_review,pending,ambiguous,generated:scripts.generators; tier=exact-byte,exact-byte,SHA256 match,not-executed,not-applicable,excluded,3b72d8b68212024027d849dbf842811db030821b53527374873b39814c7a2705,3b72d8b68212024027d849dbf842811db030821b53527374873b39814c7a2705,missing
sample-tf,.tf,tests/fixtures/sample.tf,text/x-hcl,.tf,,excluded,needs_review,pending,,generated:scripts.generators; tier=exact-byte,exact-byte,SHA256 match,not-executed,not-applicable,excluded,d9474b15706b03bff4b72a0e2fa728b0ae3e7060332cb18961f458e7167732de,d9474b15706b03bff4b72a0e2fa728b0ae3e7060332cb18961f458e7167732de,missing
sample-toml,.toml,tests/fixtures/sample.toml,application/toml,.toml,,excluded,needs_review,pending,,generated:scripts.generators; tier=exact-byte,exact-byte,SHA256 match,not-executed,not-applicable,excluded,b5470e50e34312632ba7049efeee8d7357ce9538c79090abb20bc61022f5e3ac,b5470e50e34312632ba7049efeee8d7357ce9538c79090abb20bc61022f5e3ac,missing
sample-tsv,.tsv,tests/fixtures/sample.tsv,text/tsv,.tsv,,excluded,needs_review,pending,,generated:scripts.generators; tier=exact-byte,exact-byte,SHA256 match,not-executed,not-applicable,excluded,2f9aebe857a7c57455faefb0a8464efc16c3479320c75a594b691c2228fe4cc4,2f9aebe857a7c57455faefb0a8464efc16c3479320c75a594b691c2228fe4cc4,missing
sample-twig,.twig,tests/fixtures/sample.twig,text/x-twig,.twig,,excluded,needs_review,pending,,generated:scripts.generators; tier=exact-byte,exact-byte,SHA256 match,not-executed,not-applicable,excluded,15b4b71050d249a466273978dded57588194ba07cdce3b14da31cb3d2d7cf949,15b4b71050d249a466273978dded57588194ba07cdce3b14da31cb3d2d7cf949,missing
sample-url,.url,tests/fixtures/sample.url,application/x-mswinurl,.url,,excluded,needs_review,pending,,generated:scripts.generators; tier=exact-byte,exact-byte,SHA256 match,not-executed,not-applicable,excluded,2fb90b2db9abb6939c49dae2ec99a22ad144b84d06ac957be533a78edc89e197,2fb90b2db9abb6939c49dae2ec99a22ad144b84d06ac957be533a78edc89e197,missing
sample-v,.v,tests/fixtures/sample.v,text/x-verilog,.v; .verilog; .vlg; .vh,,excluded,needs_review,pending,,generated:scripts.generators; tier=exact-byte,exact-byte,SHA256 match,not-executed,not-applicable,excluded,2dbc239cda60054fbbde42d438f30bb420ffe25548a2a4739b8ddda096f9d54f,2dbc239cda60054fbbde42d438f30bb420ffe25548a2a4739b8ddda096f9d54f,missing
sample-vb,.vb,tests/fixtures/sample.vb,text/vbscript,.vbs; .vba; .vb,,excluded,needs_review,pending,,generated:scripts.generators; tier=exact-byte,exact-byte,SHA256 match,not-executed,not-applicable,excluded,cfb5caccb666c090248317fb0871bcf7e6fd601dce15e5c1142d076aec5e12d4,cfb5caccb666c090248317fb0871bcf7e6fd601dce15e5c1142d076aec5e12d4,missing
sample-vba,.vba,tests/fixtures/sample.vba,text/vbscript,.vbs; .vba; .vb,,excluded,needs_review,pending,,generated:scripts.generators; tier=exact-byte,exact-byte,SHA256 match,not-executed,not-applicable,excluded,f5de150cc48251e7320f9a3a63c3c044ee594608f0cd47c8450af36a2c7736df,f5de150cc48251e7320f9a3a63c3c044ee594608f0cd47c8450af36a2c7736df,missing
sample-vbe,.vbe,tests/fixtures/sample.vbe,text/vbscript,.vbe,,excluded,needs_review,pending,,generated:scripts.generators; tier=exact-byte,exact-byte,SHA256 match,not-executed,not-applicable,excluded,cfb5caccb666c090248317fb0871bcf7e6fd601dce15e5c1142d076aec5e12d4,cfb5caccb666c090248317fb0871bcf7e6fd601dce15e5c1142d076aec5e12d4,missing
sample-vbs,.vbs,tests/fixtures/sample.vbs,text/vbscript,.vbs; .vba; .vb,,excluded,needs_review,pending,,generated:scripts.generators; tier=exact-byte,exact-byte,SHA256 match,not-executed,not-applicable,excluded,d65da9b888de14e61245b6a30aa5deb454a00daefa21887e1e1892772f495264,d65da9b888de14e61245b6a30aa5deb454a00daefa21887e1e1892772f495264,missing
sample-verilog,.verilog,tests/fixtures/sample.verilog,text/x-verilog,.v; .verilog; .vlg; .vh,,excluded,needs_review,pending,,generated:scripts.generators; tier=exact-byte,exact-byte,SHA256 match,not-executed,not-applicable,excluded,2dbc239cda60054fbbde42d438f30bb420ffe25548a2a4739b8ddda096f9d54f,2dbc239cda60054fbbde42d438f30bb420ffe25548a2a4739b8ddda096f9d54f,missing
sample-vh,.vh,tests/fixtures/sample.vh,text/x-verilog,.v; .verilog; .vlg; .vh,,excluded,needs_review,pending,,generated:scripts.generators; tier=exact-byte,exact-byte,SHA256 match,not-executed,not-applicable,excluded,2dbc239cda60054fbbde42d438f30bb420ffe25548a2a4739b8ddda096f9d54f,2dbc239cda60054fbbde42d438f30bb420ffe25548a2a4739b8ddda096f9d54f,missing
sample-vhd,.vhd,tests/fixtures/sample.vhd,text/x-vhdl,.vhd,,excluded,needs_review,pending,,generated:scripts.generators; tier=exact-byte,exact-byte,SHA256 match,not-executed,not-applicable,excluded,44b6a3863ee7b096512efc4d3ac0af51b2ea2e42f051e5cf63f8fad4af2a6125,44b6a3863ee7b096512efc4d3ac0af51b2ea2e42f051e5cf63f8fad4af2a6125,missing
sample-vlg,.vlg,tests/fixtures/sample.vlg,text/x-verilog,.v; .verilog; .vlg; .vh,,excluded,needs_review,pending,,generated:scripts.generators; tier=exact-byte,exact-byte,SHA256 match,not-executed,not-applicable,excluded,2dbc239cda60054fbbde42d438f30bb420ffe25548a2a4739b8ddda096f9d54f,2dbc239cda60054fbbde42d438f30bb420ffe25548a2a4739b8ddda096f9d54f,missing
sample-vtt,.vtt,tests/fixtures/sample.vtt,text/vtt,.vtt; .webvtt,,excluded,needs_review,pending,,generated:scripts.generators; tier=exact-byte,exact-byte,SHA256 match,not-executed,not-applicable,excluded,c044ce34a205a65395e63d6a04a3626ece3b766f41a7bc4fbfe6fbc95adcf82c,c044ce34a205a65395e63d6a04a3626ece3b766f41a7bc4fbfe6fbc95adcf82c,missing
sample-wad,.wad,tests/fixtures/sample.wad,image/bmp,.wad,,excluded,needs_review,pending,,generated:scripts.generators; tier=exact-byte,exact-byte,SHA256 match,not-executed,not-applicable,excluded,50eeba77a0448f2ff9d2761fefbd16961e451cc14a4b4536018bdcb6e8882f0c,50eeba77a0448f2ff9d2761fefbd16961e451cc14a4b4536018bdcb6e8882f0c,missing
sample-wasm,.wasm,tests/fixtures/sample.wasm,application/wasm,.wasm,,excluded,needs_review,pending,,generated:scripts.generators; tier=exact-byte,exact-byte,SHA256 match,not-executed,not-applicable,excluded,82060549784e29ff63a5c66b9f5ea7a7c42b603c9294a93d93e34eaede40492a,82060549784e29ff63a5c66b9f5ea7a7c42b603c9294a93d93e34eaede40492a,missing
sample-webvtt,.webvtt,tests/fixtures/sample.webvtt,text/vtt,.vtt; .webvtt,,excluded,needs_review,pending,,generated:scripts.generators; tier=exact-byte,exact-byte,SHA256 match,not-executed,not-applicable,excluded,c044ce34a205a65395e63d6a04a3626ece3b766f41a7bc4fbfe6fbc95adcf82c,c044ce34a205a65395e63d6a04a3626ece3b766f41a7bc4fbfe6fbc95adcf82c,missing
sample-woff2,.woff2,tests/fixtures/sample.woff2,font/woff2,.woff2,,excluded,needs_review,pending,,generated:scripts.generators; tier=exact-byte,exact-byte,SHA256 match,not-executed,not-applicable,excluded,d9156fe12efd37a33537e352d9ee598dee6cfca2d5c17a88d9b67dcb345b3eb4,d9156fe12efd37a33537e352d9ee598dee6cfca2d5c17a88d9b67dcb345b3eb4,missing
sample-yaml,.yaml,tests/fixtures/sample.yaml,application/x-yaml,.yml; .yaml,,excluded,needs_review,pending,,generated:scripts.generators; tier=exact-byte,exact-byte,SHA256 match,not-executed,not-applicable,excluded,effefd2eb9f5d0deaacfe36680d804155cda82b0523a1e3760bc6c9812958107,effefd2eb9f5d0deaacfe36680d804155cda82b0523a1e3760bc6c9812958107,missing
sample-yar,.yar,tests/fixtures/sample.yar,text/x-yara,.yar; .yara,,excluded,needs_review,pending,,generated:scripts.generators; tier=exact-byte,exact-byte,SHA256 match,not-executed,not-applicable,excluded,3203294dd420d29300599f58c0a71473c324e8a2d803ad2a3a7c7350f8a7aa43,3203294dd420d29300599f58c0a71473c324e8a2d803ad2a3a7c7350f8a7aa43,missing
sample-yara,.yara,tests/fixtures/sample.yara,text/x-yara,.yar; .yara,,excluded,needs_review,pending,,generated:scripts.generators; tier=exact-byte,exact-byte,SHA256 match,not-executed,not-applicable,excluded,3203294dd420d29300599f58c0a71473c324e8a2d803ad2a3a7c7350f8a7aa43,3203294dd420d29300599f58c0a71473c324e8a2d803ad2a3a7c7350f8a7aa43,missing
sample-yml,.yml,tests/fixtures/sample.yml,application/x-yaml,.yml; .yaml,,excluded,needs_review,pending,,generated:scripts.generators; tier=exact-byte,exact-byte,SHA256 match,not-executed,not-applicable,excluded,effefd2eb9f5d0deaacfe36680d804155cda82b0523a1e3760bc6c9812958107,effefd2eb9f5d0deaacfe36680d804155cda82b0523a1e3760bc6c9812958107,missing
sample-zig,.zig,tests/fixtures/sample.zig,text/zig,.zig,,excluded,needs_review,pending,,generated:scripts.generators; tier=exact-byte,exact-byte,SHA256 match,not-executed,not-applicable,excluded,c0898a85672999ab63b167bd8d065f058e70635bfdacc58abdb7a2b5e6db6691,c0898a85672999ab63b167bd8d065f058e70635bfdacc58abdb7a2b5e6db6691,missing
sample-3gp,.3gp,tests/fixtures/sample.3gp,video/3gpp,.3gp,,excluded,needs_review,pending,,generated:scripts.generators; tier=exact-byte,exact-byte,SHA256 match,not-executed,not-applicable,excluded,b83cb6e1cf26b445e98854cb7d8cbfbabcf962c060d1447fc16cba6ba9fb4817,b83cb6e1cf26b445e98854cb7d8cbfbabcf962c060d1447fc16cba6ba9fb4817,missing
sample-S,.s,tests/fixtures/sample.uppercase.S,text/x-asm,.s; .s; .asm,,excluded,needs_review,pending,,generated:scripts.generators; tier=exact-byte,exact-byte,SHA256 match,not-executed,not-applicable,excluded,366abaabcf0ab33773b50befbb3c07c14079231b396c6459f6ddf4a41f118545,366abaabcf0ab33773b50befbb3c07c14079231b396c6459f6ddf4a41f118545,missing
sample-aac,.aac,tests/fixtures/sample.aac,application/octet-stream,.aac,,excluded,needs_review,pending,,generated:scripts.generators; tier=exact-byte,exact-byte,SHA256 match,not-executed,not-applicable,excluded,8b6b4e3ee601a8fdd86b67caee411dbc4538188ca0009113a78d063804468ea8,8b6b4e3ee601a8fdd86b67caee411dbc4538188ca0009113a78d063804468ea8,missing
sample-ai,.ai,tests/fixtures/sample.ai,application/pdf,.ai,,excluded,needs_review,pending,,generated:scripts.generators; tier=exact-byte,exact-byte,SHA256 match,not-executed,not-applicable,excluded,4e6972727a5fc51c712807f6069573690b29826335268d3aece7c9b765c77cf8,4e6972727a5fc51c712807f6069573690b29826335268d3aece7c9b765c77cf8,missing
sample-apk,.apk,tests/fixtures/sample.apk,application/vnd.android.package-archive,.apk,,excluded,needs_review,androguard APK.is_valid_APK container parse,,generated:scripts.generators.archives.ArchiveGenerator._create_apk; tier=exact-byte,exact-byte,SHA256 match,not-executed,not-applicable,excluded,3cc9667f453b2d6f40a6bfbf40382bc9b6d37a4bece05284e68d91dd7bd7c8e5,3cc9667f453b2d6f40a6bfbf40382bc9b6d37a4bece05284e68d91dd7bd7c8e5,complete
sample-arj,.arj,tests/fixtures/sample.arj,application/octet-stream,.arj,,excluded,needs_review,pending,,generated:scripts.generators; tier=exact-byte,exact-byte,SHA256 match,not-executed,not-applicable,excluded,050aef23a2ba720a8982d1c4285f3200c4a79af582359a1c77a84c5f2b95c063,050aef23a2ba720a8982d1c4285f3200c4a79af582359a1c77a84c5f2b95c063,missing
sample-asc,.asc,tests/fixtures/sample.asc,application/x-pem-file,.asc,,excluded,needs_review,pending,,generated:scripts.generators; tier=exact-byte,exact-byte,SHA256 match,not-executed,not-applicable,excluded,fa32b267112159f2269d1c201767ae13501238c791764f24205c030e95b9bd6a,fa32b267112159f2269d1c201767ae13501238c791764f24205c030e95b9bd6a,missing
sample-asf,.asf,tests/fixtures/sample.asf,application/octet-stream,.asf,,excluded,needs_review,pending,,generated:scripts.generators; tier=exact-byte,exact-byte,SHA256 match,not-executed,not-applicable,excluded,42ad82946c24e921bc092d1cf25ed3c187baff4d3e910493adbd36a77017a582,42ad82946c24e921bc092d1cf25ed3c187baff4d3e910493adbd36a77017a582,missing
sample-asm,.asm,tests/fixtures/sample.asm,text/x-asm,.s; .s; .asm,,excluded,needs_review,pending,,generated:scripts.generators; tier=exact-byte,exact-byte,SHA256 match,not-executed,not-applicable,excluded,366abaabcf0ab33773b50befbb3c07c14079231b396c6459f6ddf4a41f118545,366abaabcf0ab33773b50befbb3c07c14079231b396c6459f6ddf4a41f118545,missing
sample-aspx,.aspx,tests/fixtures/sample.aspx,text/html,.aspx; .asp,,excluded,needs_review,pending,,generated:scripts.generators; tier=exact-byte,exact-byte,SHA256 match,not-executed,not-applicable,excluded,01cc3f2d752629f97f8bf8343c8a569ee2fc1dc9de6c6227693f05d2b2d0b3e2,01cc3f2d752629f97f8bf8343c8a569ee2fc1dc9de6c6227693f05d2b2d0b3e2,missing
sample-aux,.aux,tests/fixtures/sample.aux,text/x-tex,.aux,,excluded,needs_review,pending,,generated:scripts.generators; tier=exact-byte,exact-byte,SHA256 match,not-executed,not-applicable,excluded,a1b4c52ce0721b3b77a4fdd7d99c37a402697ebc0c1d55be7955f72e697b19dc,a1b4c52ce0721b3b77a4fdd7d99c37a402697ebc0c1d55be7955f72e697b19dc,missing
sample-avifs,.avifs,tests/fixtures/sample.avifs,video/mp4,.avifs,,excluded,needs_review,pending,,generated:scripts.generators; tier=exact-byte,exact-byte,SHA256 match,not-executed,not-applicable,excluded,649a65b6567cda005216faae82af5ff233004d1ce98a60082c577dcb147ad6ff,649a65b6567cda005216faae82af5ff233004d1ce98a60082c577dcb147ad6ff,missing
sample-ax,.ax,tests/fixtures/sample.ax,application/x-dosexec,.ax,,excluded,needs_review,pending,,generated:scripts.generators; tier=exact-byte,exact-byte,SHA256 match,not-executed,not-applicable,excluded,ce925d15e945c66a573d5088a983e92cfc78af7ea42047c200ac7ff322b9ac32,ce925d15e945c66a573d5088a983e92cfc78af7ea42047c200ac7ff322b9ac32,missing
sample-bat,.bat,tests/fixtures/sample.bat,text/x-msdos-batch,.bat,,excluded,needs_review,pending,,generated:scripts.generators; tier=exact-byte,exact-byte,SHA256 match,not-executed,not-applicable,excluded,bcfde5cda40a9196b2d3da232f63dea2d745980d428f29f806c5e9f09f8f70e9,bcfde5cda40a9196b2d3da232f63dea2d745980d428f29f806c5e9f09f8f70e9,missing
sample-bz2,.bz2,tests/fixtures/sample.bz2,application/x-bzip2,.bz2; .tbz2; .tar.bz2,,excluded,needs_review,pending,,generated:scripts.generators; tier=exact-byte,exact-byte,SHA256 match,not-executed,not-applicable,excluded,1b3b4dceaf4821fb8c8e35aec268430e0bd8e639ca818fe83c890364a20b9ed9,1b3b4dceaf4821fb8c8e35aec268430e0bd8e639ca818fe83c890364a20b9ed9,missing
sample-bzl,.bzl,tests/fixtures/sample.bzl,text/plain,.bzl,,excluded,needs_review,pending,,generated:scripts.generators; tier=exact-byte,exact-byte,SHA256 match,not-executed,not-applicable,excluded,1cddd900f6fbf3353fa6ea5370f606d58848d76aefaa5172e78b12b19533827c,1cddd900f6fbf3353fa6ea5370f606d58848d76aefaa5172e78b12b19533827c,missing
sample-cjsx,.cjsx,tests/fixtures/sample.cjsx,application/javascript,.cjsx,,excluded,needs_review,pending,,generated:scripts.generators; tier=exact-byte,exact-byte,SHA256 match,not-executed,not-applicable,excluded,962d8a379c10d51a3312c95af6b0fa6ef55c2e7df0943bc23cebd68ec524df3e,962d8a379c10d51a3312c95af6b0fa6ef55c2e7df0943bc23cebd68ec524df3e,missing
sample-cl,.cl,tests/fixtures/sample.cl,text/x-lisp,.lisp; .lsp; .l; .cl,,excluded,needs_review,pending,,generated:scripts.generators; tier=exact-byte,exact-byte,SHA256 match,not-executed,not-applicable,excluded,21674ef7d65e2d734f4ae4e6c35517cdc5473db8447853140a225bffcc2e154b,21674ef7d65e2d734f4ae4e6c35517cdc5473db8447853140a225bffcc2e154b,missing
sample-class,.class,tests/fixtures/sample.class,application/octet-stream,.class,,excluded,needs_review,pending,,generated:scripts.generators; tier=exact-byte,exact-byte,SHA256 match,not-executed,not-applicable,excluded,a3f14c800cee44c543f0ab097cba9faaa653f7e000ed1f5960367c85815cd1bd,a3f14c800cee44c543f0ab097cba9faaa653f7e000ed1f5960367c85815cd1bd,missing
sample-clj,.clj,tests/fixtures/sample.clj,text/x-clojure,.clj; .cljs; .cljc; .cljr,,excluded,needs_review,pending,,generated:scripts.generators; tier=exact-byte,exact-byte,SHA256 match,not-executed,not-applicable,excluded,7b3d0095996361a5e9a227cd9fbd44d82ba41fdf5692aa4fdf6af132a539fccc,7b3d0095996361a5e9a227cd9fbd44d82ba41fdf5692aa4fdf6af132a539fccc,missing
sample-cljr,.cljr,tests/fixtures/sample.cljr,text/x-clojure,.clj; .cljs; .cljc; .cljr,,excluded,needs_review,pending,,generated:scripts.generators; tier=exact-byte,exact-byte,SHA256 match,not-executed,not-applicable,excluded,a39d9e2d3d95a030382802ccb87a443b7b41c2647b98dfe8bd934b7fa8918d61,a39d9e2d3d95a030382802ccb87a443b7b41c2647b98dfe8bd934b7fa8918d61,missing
sample-cljs,.cljs,tests/fixtures/sample.cljs,text/x-clojure,.clj; .cljs; .cljc; .cljr,,excluded,needs_review,pending,,generated:scripts.generators; tier=exact-byte,exact-byte,SHA256 match,not-executed,not-applicable,excluded,a39d9e2d3d95a030382802ccb87a443b7b41c2647b98dfe8bd934b7fa8918d61,a39d9e2d3d95a030382802ccb87a443b7b41c2647b98dfe8bd934b7fa8918d61,missing
sample-cpl,.cpl,tests/fixtures/sample.cpl,application/x-dosexec,.cpl,,excluded,needs_review,pending,,generated:scripts.generators; tier=exact-byte,exact-byte,SHA256 match,not-executed,not-applicable,excluded,ce925d15e945c66a573d5088a983e92cfc78af7ea42047c200ac7ff322b9ac32,ce925d15e945c66a573d5088a983e92cfc78af7ea42047c200ac7ff322b9ac32,missing
sample-crx,.crx,tests/fixtures/sample.crx,application/octet-stream,.crx,,excluded,needs_review,pending,,generated:scripts.generators; tier=exact-byte,exact-byte,SHA256 match,not-executed,not-applicable,excluded,8273c96d2a8e8dee1cb426bf486f1ab43a374d678aee01bf6e71cbed542ed985,8273c96d2a8e8dee1cb426bf486f1ab43a374d678aee01bf6e71cbed542ed985,missing
sample-cs,.cs,tests/fixtures/sample.cs,text/plain,.cs; .csx,,excluded,needs_review,pending,,generated:scripts.generators; tier=exact-byte,exact-byte,SHA256 match,not-executed,not-applicable,excluded,9647a32c0dffb3c4e9b2cc165ec01d66e8f19450cfb7c38cb1c0bfd15c8be5dc,9647a32c0dffb3c4e9b2cc165ec01d66e8f19450cfb7c38cb1c0bfd15c8be5dc,missing
sample-csx,.csx,tests/fixtures/sample.csx,text/plain,.cs; .csx,,excluded,needs_review,pending,,generated:scripts.generators; tier=exact-byte,exact-byte,SHA256 match,not-executed,not-applicable,excluded,9647a32c0dffb3c4e9b2cc165ec01d66e8f19450cfb7c38cb1c0bfd15c8be5dc,9647a32c0dffb3c4e9b2cc165ec01d66e8f19450cfb7c38cb1c0bfd15c8be5dc,missing
sample-ctsx,.ctsx,tests/fixtures/sample.ctsx,application/typescript,.ctsx,,excluded,needs_review,pending,,generated:scripts.generators; tier=exact-byte,exact-byte,SHA256 match,not-executed,not-applicable,excluded,4721e457f162d9a1464cd8c17e64e8c13109b986fd8158aea492025c0db78337,4721e457f162d9a1464cd8c17e64e8c13109b986fd8158aea492025c0db78337,missing
sample-dll,.dll,tests/fixtures/sample.dll,application/x-dosexec,.exe; .dll,,excluded,needs_review,pending,,generated:scripts.generators; tier=exact-byte,exact-byte,SHA256 match,not-executed,not-applicable,excluded,e320badf65e6ea69476174e4413c80a3b3e369ca89f138ed608053bfbe09e422,e320badf65e6ea69476174e4413c80a3b3e369ca89f138ed608053bfbe09e422,missing
sample-docm,.docm,tests/fixtures/sample.docm,application/vnd.openxmlformats-officedocument.wordprocessingml.document,.docx; .docm,,excluded,failed,subtype-structure-check,,generated:scripts.generators; tier=exact-byte,exact-byte,SHA256 match,not-executed,not-applicable,excluded,97906d7615e9e1dd8ecb3947c088a66819790bdb61c546ed317ce29700931c73,97906d7615e9e1dd8ecb3947c088a66819790bdb61c546ed317ce29700931c73,missing
sample-dotx,.dotx,tests/fixtures/sample.dotx,application/vnd.openxmlformats-officedocument.wordprocessingml.document,.dotx,,excluded,failed,subtype-structure-check,,generated:scripts.generators; tier=exact-byte,exact-byte,SHA256 match,not-executed,not-applicable,excluded,97906d7615e9e1dd8ecb3947c088a66819790bdb61c546ed317ce29700931c73,97906d7615e9e1dd8ecb3947c088a66819790bdb61c546ed317ce29700931c73,missing
sample-dxf,.dxf,tests/fixtures/sample.dxf,image/vnd.dxf,.dxf,,excluded,needs_review,pending,,generated:scripts.generators; tier=pinned-sha-roundtrip,pinned-sha-roundtrip,SHA256 match,not-executed,not-applicable,excluded,7d161ef0067b8200d74bf20acb0d379425e5e80beabcc81d18cccb524c71b7cb,7d161ef0067b8200d74bf20acb0d379425e5e80beabcc81d18cccb524c71b7cb,missing
sample-dylib,.dylib,tests/fixtures/sample.dylib,application/octet-stream,.dylib,,excluded,needs_review,pending,,generated:scripts.generators; tier=exact-byte,exact-byte,SHA256 match,not-executed,not-applicable,excluded,d449630c01df1003a82490533f977be33d10a4d2ee00a9b80c63d4a8950daff0,d449630c01df1003a82490533f977be33d10a4d2ee00a9b80c63d4a8950daff0,missing
sample-elf,.elf,tests/fixtures/sample.elf,application/octet-stream,.elf,,excluded,verified,readelf ELF header,distinctive,generated:scripts.generators; tier=exact-byte,exact-byte,SHA256 match,not-executed,not-applicable,excluded,2ee98ece8435fd646b6da540f10616897c8596780197536ee3def6eac6cd4bb6,2ee98ece8435fd646b6da540f10616897c8596780197536ee3def6eac6cd4bb6,missing
sample-erb,.erb,tests/fixtures/sample.erb,text/x-ruby,.erb,,excluded,needs_review,pending,,generated:scripts.generators; tier=exact-byte,exact-byte,SHA256 match,not-executed,not-applicable,excluded,c2135223ad4dac117962c63f84acfaee4e221d3a8ff12f77cb655df43b442f44,c2135223ad4dac117962c63f84acfaee4e221d3a8ff12f77cb655df43b442f44,missing
sample-ex,.ex,tests/fixtures/sample.ex,text/plain,.ex,,excluded,needs_review,pending,,generated:scripts.generators; tier=exact-byte,exact-byte,SHA256 match,not-executed,not-applicable,excluded,970c0d64879aa0dc3bbb2386ce39294c90f7cb144a9c9770ce31bf3fe15e234c,970c0d64879aa0dc3bbb2386ce39294c90f7cb144a9c9770ce31bf3fe15e234c,missing
sample-exe,.exe,tests/fixtures/sample.exe,application/x-dosexec,.exe; .dll,,excluded,needs_review,pending,,generated:scripts.generators; tier=exact-byte,exact-byte,SHA256 match,not-executed,not-applicable,excluded,a2479b1e352c601e0043effcd7078b739a1890652e7c5d6f0d8e279f4e602e64,a2479b1e352c601e0043effcd7078b739a1890652e7c5d6f0d8e279f4e602e64,missing
sample-exs,.exs,tests/fixtures/sample.exs,text/plain,.exs,,excluded,needs_review,pending,,generated:scripts.generators; tier=exact-byte,exact-byte,SHA256 match,not-executed,not-applicable,excluded,970c0d64879aa0dc3bbb2386ce39294c90f7cb144a9c9770ce31bf3fe15e234c,970c0d64879aa0dc3bbb2386ce39294c90f7cb144a9c9770ce31bf3fe15e234c,missing
sample-gpg,.gpg,tests/fixtures/sample.gpg,application/x-pem-file,.pem; .pub; .gpg,,excluded,needs_review,pending,,generated:scripts.generators; tier=exact-byte,exact-byte,SHA256 match,not-executed,not-applicable,excluded,f9f4271ee5cb92a598ec8170557208c13a165d6caa8e7455cf5242c89f64969f,f9f4271ee5cb92a598ec8170557208c13a165d6caa8e7455cf5242c89f64969f,missing
sample-gpx,.gpx,tests/fixtures/sample.gpx,text/xml,.gpx,,excluded,needs_review,pending,,generated:scripts.generators; tier=exact-byte,exact-byte,SHA256 match,not-executed,not-applicable,excluded,30bae68e48da2585d23a1bb63cf9e27c998ee7502f4ce94e5ace483c95524374,30bae68e48da2585d23a1bb63cf9e27c998ee7502f4ce94e5ace483c95524374,missing
sample-groovy,.groovy,tests/fixtures/sample.groovy,text/x-groovy,.groovy,,excluded,needs_review,pending,,generated:scripts.generators; tier=exact-byte,exact-byte,SHA256 match,not-executed,not-applicable,excluded,257ea5c319e4de62e885a0597891be0e3fe82870960515aa3a1e87febb2ec2e5,257ea5c319e4de62e885a0597891be0e3fe82870960515aa3a1e87febb2ec2e5,missing
sample-handlebars,.handlebars,tests/fixtures/sample.handlebars,text/x-handlebars-template,.hbs; .handlebars,,excluded,needs_review,pending,,generated:scripts.generators; tier=exact-byte,exact-byte,SHA256 match,not-executed,not-applicable,excluded,ea7afdaaf194f1bd5e47af616d5d4a7bf3211c803a4d01a742cb732ec1978417,ea7afdaaf194f1bd5e47af616d5d4a7bf3211c803a4d01a742cb732ec1978417,missing
sample-hbs,.hbs,tests/fixtures/sample.hbs,text/x-handlebars-template,.hbs; .handlebars,,excluded,needs_review,pending,,generated:scripts.generators; tier=exact-byte,exact-byte,SHA256 match,not-executed,not-applicable,excluded,ea7afdaaf194f1bd5e47af616d5d4a7bf3211c803a4d01a742cb732ec1978417,ea7afdaaf194f1bd5e47af616d5d4a7bf3211c803a4d01a742cb732ec1978417,missing
sample-hdf5,.hdf5,tests/fixtures/sample.hdf5,application/x-hdf5,.h5; .hdf5,,excluded,needs_review,pending,,generated:scripts.generators; tier=exact-byte,exact-byte,SHA256 match,not-executed,not-applicable,excluded,47104a8b99d51bfea40bee375fe20e080038213ae8898c125f5c97c0890ff8c0,47104a8b99d51bfea40bee375fe20e080038213ae8898c125f5c97c0890ff8c0,missing
sample-heics,.heics,tests/fixtures/sample.heics,video/mp4,.heics,,excluded,needs_review,pending,,generated:scripts.generators; tier=exact-byte,exact-byte,SHA256 match,not-executed,not-applicable,excluded,6f67bb96cc449cbaf9564b0100432d09b34c6d28a25dbe9459351422fdaabb32,6f67bb96cc449cbaf9564b0100432d09b34c6d28a25dbe9459351422fdaabb32,missing
sample-heif,.heif,tests/fixtures/sample.heif,video/mp4,.heif,,excluded,needs_review,pending,,generated:scripts.generators; tier=exact-byte,exact-byte,SHA256 match,not-executed,not-applicable,excluded,6f67bb96cc449cbaf9564b0100432d09b34c6d28a25dbe9459351422fdaabb32,6f67bb96cc449cbaf9564b0100432d09b34c6d28a25dbe9459351422fdaabb32,missing
sample-heifs,.heifs,tests/fixtures/sample.heifs,video/mp4,.heifs,,excluded,needs_review,pending,,generated:scripts.generators; tier=exact-byte,exact-byte,SHA256 match,not-executed,not-applicable,excluded,6f67bb96cc449cbaf9564b0100432d09b34c6d28a25dbe9459351422fdaabb32,6f67bb96cc449cbaf9564b0100432d09b34c6d28a25dbe9459351422fdaabb32,missing
sample-hta,.hta,tests/fixtures/sample.hta,text/html,.hta,,excluded,needs_review,pending,,generated:scripts.generators; tier=exact-byte,exact-byte,SHA256 match,not-executed,not-applicable,excluded,8edf6d9f70ff8213a33c7be642449172a3164e58f7b807d15e804c2f5ec03afa,8edf6d9f70ff8213a33c7be642449172a3164e58f7b807d15e804c2f5ec03afa,missing
sample-hwpx,.hwpx,tests/fixtures/sample.hwpx,application/epub+zip,.hwpx,,excluded,needs_review,pending,,generated:scripts.generators; tier=exact-byte,exact-byte,SHA256 match,not-executed,not-applicable,excluded,2fd5e5eaa7d671344d8f893b46628a44fd7fb0e845076135dfbb7e9ebb628515,2fd5e5eaa7d671344d8f893b46628a44fd7fb0e845076135dfbb7e9ebb628515,missing
sample-icns,.icns,tests/fixtures/sample.icns,application/octet-stream,.icns,,excluded,verified,Pillow Image.open ICNS,distinctive,generated:scripts.generators; tier=exact-byte,exact-byte,SHA256 match,not-executed,not-applicable,excluded,6f5c0ce4fe0da7eae614c8738c01e243aff68aa765f41b3092183ea67c3c7b61,6f5c0ce4fe0da7eae614c8738c01e243aff68aa765f41b3092183ea67c3c7b61,missing
sample-ipynb,.ipynb,tests/fixtures/sample.ipynb,application/json,.ipynb,,excluded,needs_review,pending,,generated:scripts.generators; tier=exact-byte,exact-byte,SHA256 match,not-executed,not-applicable,excluded,4c4a143a728ea4e2b62a2de309a63c8bb50a47dfa36c0dbc109e5842afdeb799,4c4a143a728ea4e2b62a2de309a63c8bb50a47dfa36c0dbc109e5842afdeb799,missing
sample-j2,.j2,tests/fixtures/sample.j2,text/x-twig,.j2,,excluded,needs_review,pending,,generated:scripts.generators; tier=exact-byte,exact-byte,SHA256 match,not-executed,not-applicable,excluded,7c9fd5919ae75e5918719c143406cd66912fc00155a39588790f7eb1f0a10d28,7c9fd5919ae75e5918719c143406cd66912fc00155a39588790f7eb1f0a10d28,missing
sample-jar,.jar,tests/fixtures/sample.jar,application/zip,.jar,,excluded,needs_review,pending,,generated:scripts.generators; tier=exact-byte,exact-byte,SHA256 match,not-executed,not-applicable,excluded,5859c248fe7d2d349012717faa85d6eb79ad8077ed6161e68f9a072f4a1a786d,5859c248fe7d2d349012717faa85d6eb79ad8077ed6161e68f9a072f4a1a786d,missing
sample-jinja,.jinja,tests/fixtures/sample.jinja,text/x-twig,.jinja,,excluded,needs_review,pending,ambiguous,generated:scripts.generators; tier=exact-byte,exact-byte,SHA256 match,not-executed,not-applicable,excluded,a4b5296e7ed31d485c3e00af581cf5ca212757cc7c866acea1fe4295dc04661b,a4b5296e7ed31d485c3e00af581cf5ca212757cc7c866acea1fe4295dc04661b,missing
sample-jinja2,.jinja2,tests/fixtures/sample.jinja2,text/x-twig,.jinja2,,excluded,needs_review,pending,,generated:scripts.generators; tier=exact-byte,exact-byte,SHA256 match,not-executed,not-applicable,excluded,7c9fd5919ae75e5918719c143406cd66912fc00155a39588790f7eb1f0a10d28,7c9fd5919ae75e5918719c143406cd66912fc00155a39588790f7eb1f0a10d28,missing
sample-jnlp,.jnlp,tests/fixtures/sample.jnlp,text/xml,.jnlp,,excluded,needs_review,pending,,generated:scripts.generators; tier=exact-byte,exact-byte,SHA256 match,not-executed,not-applicable,excluded,b7f9842a6d5139392956dae6a14b1e725a3b4b545d38dfc45045c2203325a96b,b7f9842a6d5139392956dae6a14b1e725a3b4b545d38dfc45045c2203325a96b,missing
sample-jsonl,.jsonl,tests/fixtures/sample.jsonl,application/json,.jsonl; .jsonld,,excluded,needs_review,pending,,generated:scripts.generators; tier=exact-byte,exact-byte,SHA256 match,not-executed,not-applicable,excluded,e26b9f907f9eb0bbc73c26db84897baff5efbda2cc6da3ad4f64f1ff578176bf,e26b9f907f9eb0bbc73c26db84897baff5efbda2cc6da3ad4f64f1ff578176bf,missing
sample-jsonld,.jsonld,tests/fixtures/sample.jsonld,application/json,.jsonl; .jsonld,,excluded,needs_review,pending,,generated:scripts.generators; tier=exact-byte,exact-byte,SHA256 match,not-executed,not-applicable,excluded,16067419889dd2660a644e08e9bc728ed9a5e73bb65c3d096a93a6f50ff55370,16067419889dd2660a644e08e9bc728ed9a5e73bb65c3d096a93a6f50ff55370,missing
sample-jsx,.jsx,tests/fixtures/sample.jsx,application/javascript,.jsx,,excluded,needs_review,pending,,generated:scripts.generators; tier=exact-byte,exact-byte,SHA256 match,not-executed,not-applicable,excluded,962d8a379c10d51a3312c95af6b0fa6ef55c2e7df0943bc23cebd68ec524df3e,962d8a379c10d51a3312c95af6b0fa6ef55c2e7df0943bc23cebd68ec524df3e,missing
sample-ko,.ko,tests/fixtures/sample.ko,application/octet-stream,.ko,,excluded,needs_review,pending,,generated:scripts.generators; tier=exact-byte,exact-byte,SHA256 match,not-executed,not-applicable,excluded,0656edaa36a32b4b9ea14e17360429bab1a780d393d1e41f2ae0760b262ec501,0656edaa36a32b4b9ea14e17360429bab1a780d393d1e41f2ae0760b262ec501,missing
sample-ksh,.ksh,tests/fixtures/sample.ksh,text/x-shellscript,.ksh,,excluded,needs_review,pending,,generated:scripts.generators; tier=exact-byte,exact-byte,SHA256 match,not-executed,not-applicable,excluded,0c9bb81ce9998a8ff790c3cdbd6831172511ce8ca064c19898cae78add0de33e,0c9bb81ce9998a8ff790c3cdbd6831172511ce8ca064c19898cae78add0de33e,missing
sample-l,.l,tests/fixtures/sample.l,text/x-lisp,.lisp; .lsp; .l; .cl,,excluded,needs_review,pending,,generated:scripts.generators; tier=exact-byte,exact-byte,SHA256 match,not-executed,not-applicable,excluded,21674ef7d65e2d734f4ae4e6c35517cdc5473db8447853140a225bffcc2e154b,21674ef7d65e2d734f4ae4e6c35517cdc5473db8447853140a225bffcc2e154b,missing
sample-lisp,.lisp,tests/fixtures/sample.lisp,text/x-lisp,.lisp; .lsp; .l; .cl,,excluded,needs_review,pending,,generated:scripts.generators; tier=exact-byte,exact-byte,SHA256 match,not-executed,not-applicable,excluded,21674ef7d65e2d734f4ae4e6c35517cdc5473db8447853140a225bffcc2e154b,21674ef7d65e2d734f4ae4e6c35517cdc5473db8447853140a225bffcc2e154b,missing
sample-lsp,.lsp,tests/fixtures/sample.lsp,text/x-lisp,.lisp; .lsp; .l; .cl,,excluded,needs_review,pending,,generated:scripts.generators; tier=exact-byte,exact-byte,SHA256 match,not-executed,not-applicable,excluded,21674ef7d65e2d734f4ae4e6c35517cdc5473db8447853140a225bffcc2e154b,21674ef7d65e2d734f4ae4e6c35517cdc5473db8447853140a225bffcc2e154b,missing
sample-lz,.lz,tests/fixtures/sample.lz,application/octet-stream,.lz,,excluded,needs_review,pending,,generated:scripts.generators; tier=exact-byte,exact-byte,SHA256 match,not-executed,not-applicable,excluded,48217d12eb3c6bf8f65f511a788654d21cf186fa85832980b41f186f487d497c,48217d12eb3c6bf8f65f511a788654d21cf186fa85832980b41f186f487d497c,missing
sample-lz4,.lz4,tests/fixtures/sample.lz4,application/octet-stream,.lz4,,excluded,needs_review,pending,,generated:scripts.generators; tier=exact-byte,exact-byte,SHA256 match,not-executed,not-applicable,excluded,1608b9f7271dad38b51c17aba63496945c5d04653abbdf01374c122685d5bad3,1608b9f7271dad38b51c17aba63496945c5d04653abbdf01374c122685d5bad3,missing
sample-m,.m,tests/fixtures/sample.m,text/x-objcsrc,.m; .mm,,excluded,needs_review,pending,,generated:scripts.generators; tier=exact-byte,exact-byte,SHA256 match,not-executed,not-applicable,excluded,9eeec6c1f50bf1cdd16b97c4385056d0a7c5ddb411facaff0dcc268ed36626fe,9eeec6c1f50bf1cdd16b97c4385056d0a7c5ddb411facaff0dcc268ed36626fe,missing
sample-m4,.m4,tests/fixtures/sample.m4,text/plain,.m4,,excluded,needs_review,pending,,generated:scripts.generators; tier=exact-byte,exact-byte,SHA256 match,not-executed,not-applicable,excluded,baf31697b058465e678bcf00048c7e55abc2680c01d92a61f5e463b488fb5bb6,baf31697b058465e678bcf00048c7e55abc2680c01d92a61f5e463b488fb5bb6,missing
sample-maff,.maff,tests/fixtures/sample.maff,application/zip,.maff,,excluded,needs_review,pending,,generated:scripts.generators; tier=exact-byte,exact-byte,SHA256 match,not-executed,not-applicable,excluded,ae1bde2d81dc213b9888ca6081c512cc256c6b498e14822e94196a6df03c3472,ae1bde2d81dc213b9888ca6081c512cc256c6b498e14822e94196a6df03c3472,missing
sample-makefile,.makefile,tests/fixtures/sample.makefile,text/x-makefile,.makefile,,excluded,needs_review,pending,,generated:scripts.generators; tier=exact-byte,exact-byte,SHA256 match,not-executed,not-applicable,excluded,bdc9164b0e527e0fe07e54b16920993b377d1f99e1da389c6c7e45b38009bff7,bdc9164b0e527e0fe07e54b16920993b377d1f99e1da389c6c7e45b38009bff7,missing
sample-mid,.mid,tests/fixtures/sample.mid,audio/midi,.mid,,excluded,needs_review,pending,,generated:scripts.generators; tier=exact-byte,exact-byte,SHA256 match,not-executed,not-applicable,excluded,37c0c04884ced6b66f1b77872eb6c561147d9deed1ebe3f749595e35d90cce26,37c0c04884ced6b66f1b77872eb6c561147d9deed1ebe3f749595e35d90cce26,missing
sample-mjsx,.mjsx,tests/fixtures/sample.mjsx,application/javascript,.mjsx,,excluded,needs_review,pending,,generated:scripts.generators; tier=exact-byte,exact-byte,SHA256 match,not-executed,not-applicable,excluded,962d8a379c10d51a3312c95af6b0fa6ef55c2e7df0943bc23cebd68ec524df3e,962d8a379c10d51a3312c95af6b0fa6ef55c2e7df0943bc23cebd68ec524df3e,missing
sample-mm,.mm,tests/fixtures/sample.mm,text/x-objcsrc,.m; .mm,,excluded,needs_review,pending,,generated:scripts.generators; tier=exact-byte,exact-byte,SHA256 match,not-executed,not-applicable,excluded,9eeec6c1f50bf1cdd16b97c4385056d0a7c5ddb411facaff0dcc268ed36626fe,9eeec6c1f50bf1cdd16b97c4385056d0a7c5ddb411facaff0dcc268ed36626fe,missing
sample-msi,.msi,tests/fixtures/sample.msi,application/octet-stream,.msi,,excluded,needs_review,pending,,generated:scripts.generators; tier=exact-byte,exact-byte,SHA256 match,not-executed,not-applicable,excluded,a899fb4496afa7230c378d5be03cf3461990994993110fd2dad3257111081275,a899fb4496afa7230c378d5be03cf3461990994993110fd2dad3257111081275,missing
sample-mtsx,.mtsx,tests/fixtures/sample.mtsx,application/typescript,.mtsx,,excluded,needs_review,pending,,generated:scripts.generators; tier=exact-byte,exact-byte,SHA256 match,not-executed,not-applicable,excluded,4721e457f162d9a1464cd8c17e64e8c13109b986fd8158aea492025c0db78337,4721e457f162d9a1464cd8c17e64e8c13109b986fd8158aea492025c0db78337,missing
sample-npz,.npz,tests/fixtures/sample.npz,application/octet-stream,.npz,,excluded,needs_review,pending,,generated:scripts.generators; tier=exact-byte,exact-byte,SHA256 match,not-executed,not-applicable,excluded,dcfea59506a13f99e9713359f5e9bbb84443721a6befae6289497771311fa4b3,dcfea59506a13f99e9713359f5e9bbb84443721a6befae6289497771311fa4b3,missing
sample-nupkg,.nupkg,tests/fixtures/sample.nupkg,application/zip,.nupkg,,excluded,needs_review,pending,,generated:scripts.generators; tier=exact-byte,exact-byte,SHA256 match,not-executed,not-applicable,excluded,fb70284dbdf01bf451e296f0166e93be32bb344cb364e77260b57ad8a09589dc,fb70284dbdf01bf451e296f0166e93be32bb344cb364e77260b57ad8a09589dc,missing
sample-o,.o,tests/fixtures/sample.o,application/x-coff,.obj; .o,,excluded,needs_review,pending,,generated:scripts.generators; tier=exact-byte,exact-byte,SHA256 match,not-executed,not-applicable,excluded,e63759afe75e0c5c3d4dab9ed331f8436b4001c120ebf9782ac85029018eb3c5,e63759afe75e0c5c3d4dab9ed331f8436b4001c120ebf9782ac85029018eb3c5,missing
sample-obj,.obj,tests/fixtures/sample.obj,application/x-coff,.obj; .o,,excluded,needs_review,pending,,generated:scripts.generators; tier=exact-byte,exact-byte,SHA256 match,not-executed,not-applicable,excluded,e63759afe75e0c5c3d4dab9ed331f8436b4001c120ebf9782ac85029018eb3c5,e63759afe75e0c5c3d4dab9ed331f8436b4001c120ebf9782ac85029018eb3c5,missing
sample-ocx,.ocx,tests/fixtures/sample.ocx,application/x-dosexec,.ocx,,excluded,needs_review,pending,,generated:scripts.generators; tier=exact-byte,exact-byte,SHA256 match,not-executed,not-applicable,excluded,ce925d15e945c66a573d5088a983e92cfc78af7ea42047c200ac7ff322b9ac32,ce925d15e945c66a573d5088a983e92cfc78af7ea42047c200ac7ff322b9ac32,missing
sample-one,.one,tests/fixtures/sample.one,application/octet-stream,.one,,excluded,needs_review,pending,,generated:scripts.generators; tier=exact-byte,exact-byte,SHA256 match,not-executed,not-applicable,excluded,a899fb4496afa7230c378d5be03cf3461990994993110fd2dad3257111081275,a899fb4496afa7230c378d5be03cf3461990994993110fd2dad3257111081275,missing
sample-otf,.otf,tests/fixtures/sample.otf,font/otf,.otf,,excluded,needs_review,pending,,generated:scripts.generators; tier=exact-byte,exact-byte,SHA256 match,not-executed,not-applicable,excluded,95bc74e15e5f3968a0790e4916667b9c71d4e2d32f2379004c66186921ee023f,95bc74e15e5f3968a0790e4916667b9c71d4e2d32f2379004c66186921ee023f,missing
sample-php,.php,tests/fixtures/sample.php,text/x-php,.php,,excluded,needs_review,pending,,generated:scripts.generators; tier=exact-byte,exact-byte,SHA256 match,not-executed,not-applicable,excluded,2e2f480028cd4c6ab660cc20ab2448c794d7e6ab9dc3d435f069bb2bb5ed3f13,2e2f480028cd4c6ab660cc20ab2448c794d7e6ab9dc3d435f069bb2bb5ed3f13,missing
sample-pkg,.pkg,tests/fixtures/sample.pkg,application/octet-stream,.pkg,,excluded,needs_review,pending,,generated:scripts.generators; tier=exact-byte,exact-byte,SHA256 match,not-executed,not-applicable,excluded,82e0a9d41763c20b6297bbbb3f0f0ba7b07aa023938e7b561d9c2e962dd5c12a,82e0a9d41763c20b6297bbbb3f0f0ba7b07aa023938e7b561d9c2e962dd5c12a,missing
sample-plist,.plist,tests/fixtures/sample.plist,application/x-plist,.plist,,excluded,needs_review,pending,,generated:scripts.generators; tier=exact-byte,exact-byte,SHA256 match,not-executed,not-applicable,excluded,5812042ba15e1c13ef467c217e87fc8cbd57224579a033f97af4fa6575e2e716,5812042ba15e1c13ef467c217e87fc8cbd57224579a033f97af4fa6575e2e716,missing
sample-po,.po,tests/fixtures/sample.po,text/gettext-translation,.po,,excluded,needs_review,pending,,generated:scripts.generators; tier=exact-byte,exact-byte,SHA256 match,not-executed,not-applicable,excluded,234ebc83e6d679962f37b18927162f3544a4b0cf55027808e2226a242530e12b,234ebc83e6d679962f37b18927162f3544a4b0cf55027808e2226a242530e12b,missing
sample-pot,.pot,tests/fixtures/sample.pot,text/gettext-translation,.pot,,excluded,needs_review,pending,,generated:scripts.generators; tier=exact-byte,exact-byte,SHA256 match,not-executed,not-applicable,excluded,50475afb418d9cbc923d412e181a290e607783735f06d9925bf1b434e7ea5886,50475afb418d9cbc923d412e181a290e607783735f06d9925bf1b434e7ea5886,missing
sample-pptm,.pptm,tests/fixtures/sample.pptm,application/vnd.openxmlformats-officedocument.presentationml.presentation,.pptx; .pptm,,excluded,needs_review,pending,,generated:scripts.generators; tier=exact-byte,exact-byte,SHA256 match,not-executed,not-applicable,excluded,45c79aaa2dbd4265ca5cadb5edddff4c9932533b19c3a141ee6864a888717471,45c79aaa2dbd4265ca5cadb5edddff4c9932533b19c3a141ee6864a888717471,missing
sample-py,.py,tests/fixtures/sample.py,text/x-python,.py; .pyi,,excluded,needs_review,pending,,generated:scripts.generators; tier=exact-byte,exact-byte,SHA256 match,not-executed,not-applicable,excluded,c9f2ec2d3a2666141ba525132b30c6f3728063bcdb16f5e76e2c20b561ae2a18,c9f2ec2d3a2666141ba525132b30c6f3728063bcdb16f5e76e2c20b561ae2a18,missing
sample-rar,.rar,tests/fixtures/sample.rar,application/x-rar,.rar,,excluded,needs_review,pending,,generated:scripts.generators; tier=exact-byte,exact-byte,SHA256 match,not-executed,not-applicable,excluded,61048e8aea323c384ae89c9a22d8ad17e6576f078b06a3f55680a4c6d84bc4b5,61048e8aea323c384ae89c9a22d8ad17e6576f078b06a3f55680a4c6d84bc4b5,missing
sample-rb,.rb,tests/fixtures/sample.rb,application/x-ruby,.rb,,excluded,needs_review,pending,,generated:scripts.generators; tier=exact-byte,exact-byte,SHA256 match,not-executed,not-applicable,excluded,87c8c30f26d1c8c87221ae4688d6e90c5f5b036bafb8a3882f29fe2d6e113878,87c8c30f26d1c8c87221ae4688d6e90c5f5b036bafb8a3882f29fe2d6e113878,missing
sample-rdf,.rdf,tests/fixtures/sample.rdf,application/rdf+xml,.rdf,,excluded,needs_review,pending,,generated:scripts.generators; tier=exact-byte,exact-byte,SHA256 match,not-executed,not-applicable,excluded,3c2d0940e2c47e578bd14e6332abb653b2f2a4516712385df51223c4a6f6f9b1,3c2d0940e2c47e578bd14e6332abb653b2f2a4516712385df51223c4a6f6f9b1,missing
sample-rlib,.rlib,tests/fixtures/sample.rlib,application/octet-stream,.rlib,,excluded,needs_review,pending,,generated:scripts.generators; tier=exact-byte,exact-byte,SHA256 match,not-executed,not-applicable,excluded,2c71ddcdb203266d46d0ac8ab433959c954273ad7b2a6201d347c8f0e4692254,2c71ddcdb203266d46d0ac8ab433959c954273ad7b2a6201d347c8f0e4692254,missing
sample-rll,.rll,tests/fixtures/sample.rll,application/x-dosexec,.rll,,excluded,needs_review,pending,,generated:scripts.generators; tier=exact-byte,exact-byte,SHA256 match,not-executed,not-applicable,excluded,ce925d15e945c66a573d5088a983e92cfc78af7ea42047c200ac7ff322b9ac32,ce925d15e945c66a573d5088a983e92cfc78af7ea42047c200ac7ff322b9ac32,missing
sample-rpm,.rpm,tests/fixtures/sample.rpm,application/sla,.rpm,,excluded,needs_review,pending,,generated:scripts.generators; tier=exact-byte,exact-byte,SHA256 match,not-executed,not-applicable,excluded,1b8bf32871bee5d8f05c854e3be2af67e5f35896aae872eee68f4970746c9ee6,1b8bf32871bee5d8f05c854e3be2af67e5f35896aae872eee68f4970746c9ee6,missing
sample-rtf,.rtf,tests/fixtures/sample.rtf,text/rtf,.rtf,,excluded,needs_review,pending,,generated:scripts.generators; tier=exact-byte,exact-byte,SHA256 match,not-executed,not-applicable,excluded,3ab6ea3940b653162d5ad9f87c348e01c61f112081ac4b22b160fba41b36dc5c,3ab6ea3940b653162d5ad9f87c348e01c61f112081ac4b22b160fba41b36dc5c,missing
sample-rz,.rz,tests/fixtures/sample.rz,application/gzip,.rz,,excluded,failed,subtype-structure-check,,generated:scripts.generators; tier=exact-byte,exact-byte,SHA256 match,not-executed,not-applicable,excluded,3c992f52cbe1c011f1f152cf8d2767cc3afd9940798c559f9bb24d23d12cd51f,3c992f52cbe1c011f1f152cf8d2767cc3afd9940798c559f9bb24d23d12cd51f,missing
sample-s,.s,tests/fixtures/sample.s,text/x-asm,.s; .s; .asm,,excluded,needs_review,pending,,generated:scripts.generators; tier=exact-byte,exact-byte,SHA256 match,not-executed,not-applicable,excluded,366abaabcf0ab33773b50befbb3c07c14079231b396c6459f6ddf4a41f118545,366abaabcf0ab33773b50befbb3c07c14079231b396c6459f6ddf4a41f118545,missing
sample-scr,.scr,tests/fixtures/sample.scr,application/x-dosexec,.scr,,excluded,needs_review,pending,,generated:scripts.generators; tier=exact-byte,exact-byte,SHA256 match,not-executed,not-applicable,excluded,ce925d15e945c66a573d5088a983e92cfc78af7ea42047c200ac7ff322b9ac32,ce925d15e945c66a573d5088a983e92cfc78af7ea42047c200ac7ff322b9ac32,missing
sample-sh,.sh,tests/fixtures/sample.sh,text/x-shellscript,.sh,,excluded,needs_review,pending,,generated:scripts.generators; tier=exact-byte,exact-byte,SHA256 match,not-executed,not-applicable,excluded,29d7bd5826266faec3b0a1e1e0fd98d77e0ae5a04a4ffae8704521c5c4dbe3c7,29d7bd5826266faec3b0a1e1e0fd98d77e0ae5a04a4ffae8704521c5c4dbe3c7,missing
sample-smali,.smali,tests/fixtures/sample.smali,application/x-smali,.smali,,excluded,needs_review,pending,,generated:scripts.generators; tier=exact-byte,exact-byte,SHA256 match,not-executed,not-applicable,excluded,917eab0fa9bc1a7da71bbaa0338db5e20e66f491867f842279f9dec57207e9af,917eab0fa9bc1a7da71bbaa0338db5e20e66f491867f842279f9dec57207e9af,missing
sample-so,.so,tests/fixtures/sample.so,application/octet-stream,.so,,excluded,needs_review,pending,,generated:scripts.generators; tier=exact-byte,exact-byte,SHA256 match,not-executed,not-applicable,excluded,0656edaa36a32b4b9ea14e17360429bab1a780d393d1e41f2ae0760b262ec501,0656edaa36a32b4b9ea14e17360429bab1a780d393d1e41f2ae0760b262ec501,missing
sample-sys,.sys,tests/fixtures/sample.sys,application/x-dosexec,.sys,,excluded,needs_review,pending,,generated:scripts.generators; tier=exact-byte,exact-byte,SHA256 match,not-executed,not-applicable,excluded,ce925d15e945c66a573d5088a983e92cfc78af7ea42047c200ac7ff322b9ac32,ce925d15e945c66a573d5088a983e92cfc78af7ea42047c200ac7ff322b9ac32,missing
sample-tbz2,.tbz2,tests/fixtures/sample.tbz2,application/x-bzip2,.bz2; .tbz2; .tar.bz2,,excluded,needs_review,pending,,generated:scripts.generators; tier=exact-byte,exact-byte,SHA256 match,not-executed,not-applicable,excluded,1b3b4dceaf4821fb8c8e35aec268430e0bd8e639ca818fe83c890364a20b9ed9,1b3b4dceaf4821fb8c8e35aec268430e0bd8e639ca818fe83c890364a20b9ed9,missing
sample-tga,.tga,tests/fixtures/sample.tga,application/octet-stream,.tga,,excluded,verified,Pillow Image.open TGA,distinctive,generated:scripts.generators; tier=exact-byte,exact-byte,SHA256 match,not-executed,not-applicable,excluded,db40070ea02df58d6aeea9df876dfac88e0a2aced4a830560ad613b3c20c0049,db40070ea02df58d6aeea9df876dfac88e0a2aced4a830560ad613b3c20c0049,complete
sample-tgz,.tgz,tests/fixtures/sample.tgz,application/gzip,.gz; .gzip; .tgz; .tar.gz,,excluded,failed,subtype-structure-check,,generated:scripts.generators; tier=exact-byte,exact-byte,SHA256 match,not-executed,not-applicable,excluded,3c992f52cbe1c011f1f152cf8d2767cc3afd9940798c559f9bb24d23d12cd51f,3c992f52cbe1c011f1f152cf8d2767cc3afd9940798c559f9bb24d23d12cd51f,missing
sample-tsx,.tsx,tests/fixtures/sample.tsx,application/typescript,.tsx,,excluded,needs_review,pending,,generated:scripts.generators; tier=exact-byte,exact-byte,SHA256 match,not-executed,not-applicable,excluded,4721e457f162d9a1464cd8c17e64e8c13109b986fd8158aea492025c0db78337,4721e457f162d9a1464cd8c17e64e8c13109b986fd8158aea492025c0db78337,missing
sample-ttc,.ttc,tests/fixtures/sample.ttc,application/octet-stream,.ttc,,excluded,needs_review,pending,,generated:scripts.generators; tier=exact-byte,exact-byte,SHA256 match,not-executed,not-applicable,excluded,88da53b8b7660e4ee048bdb1cdc90b910f8851479136a5d6809d83ff935262cb,88da53b8b7660e4ee048bdb1cdc90b910f8851479136a5d6809d83ff935262cb,missing
sample-ttf,.ttf,tests/fixtures/sample.ttf,application/x-coff,.ttf,,excluded,needs_review,pending,,generated:scripts.generators; tier=exact-byte,exact-byte,SHA256 match,not-executed,not-applicable,excluded,03f575d9c825179493a523458fd60ed803a6b32cce99195414cdbd9e0ac32c98,03f575d9c825179493a523458fd60ed803a6b32cce99195414cdbd9e0ac32c98,missing
sample-vcxproj,.vcxproj,tests/fixtures/sample.vcxproj,application/xml,.vcxproj,,excluded,needs_review,pending,,generated:scripts.generators; tier=exact-byte,exact-byte,SHA256 match,not-executed,not-applicable,excluded,83e0322f6fda261d6f4069d813d3803ca113300a8dc2e2bf6002230b42963826,83e0322f6fda261d6f4069d813d3803ca113300a8dc2e2bf6002230b42963826,missing
sample-vdw,.vdw,tests/fixtures/sample.vdw,application/vnd.openxmlformats-officedocument.wordprocessingml.document,.vdw,,excluded,failed,subtype-structure-check,,generated:scripts.generators; tier=exact-byte,exact-byte,SHA256 match,not-executed,not-applicable,excluded,04b20f975424e8748ecbfa2cfb328ca53a35cdd1ef60a5e557a7c64a3499c463,04b20f975424e8748ecbfa2cfb328ca53a35cdd1ef60a5e557a7c64a3499c463,missing
sample-vsd,.vsd,tests/fixtures/sample.vsd,application/octet-stream,.vsd,,excluded,needs_review,pending,,generated:scripts.generators; tier=exact-byte,exact-byte,SHA256 match,not-executed,not-applicable,excluded,a899fb4496afa7230c378d5be03cf3461990994993110fd2dad3257111081275,a899fb4496afa7230c378d5be03cf3461990994993110fd2dad3257111081275,missing
sample-vsdm,.vsdm,tests/fixtures/sample.vsdm,application/vnd.openxmlformats-officedocument.wordprocessingml.document,.vsdm,,excluded,failed,subtype-structure-check,,generated:scripts.generators; tier=exact-byte,exact-byte,SHA256 match,not-executed,not-applicable,excluded,04b20f975424e8748ecbfa2cfb328ca53a35cdd1ef60a5e557a7c64a3499c463,04b20f975424e8748ecbfa2cfb328ca53a35cdd1ef60a5e557a7c64a3499c463,missing
sample-vsdx,.vsdx,tests/fixtures/sample.vsdx,application/vnd.openxmlformats-officedocument.wordprocessingml.document,.vsdx,,excluded,failed,subtype-structure-check,,generated:scripts.generators; tier=exact-byte,exact-byte,SHA256 match,not-executed,not-applicable,excluded,04b20f975424e8748ecbfa2cfb328ca53a35cdd1ef60a5e557a7c64a3499c463,04b20f975424e8748ecbfa2cfb328ca53a35cdd1ef60a5e557a7c64a3499c463,missing
sample-vue,.vue,tests/fixtures/sample.vue,application/javascript,.vue,,excluded,needs_review,pending,,generated:scripts.generators; tier=exact-byte,exact-byte,SHA256 match,not-executed,not-applicable,excluded,44cf13bcd78956408eb3b93f59f745939a662d619e29024484d4f4cd0190b9b8,44cf13bcd78956408eb3b93f59f745939a662d619e29024484d4f4cd0190b9b8,missing
sample-wma,.wma,tests/fixtures/sample.wma,application/octet-stream,.wma,,excluded,needs_review,pending,,generated:scripts.generators; tier=exact-byte,exact-byte,SHA256 match,not-executed,not-applicable,excluded,42ad82946c24e921bc092d1cf25ed3c187baff4d3e910493adbd36a77017a582,42ad82946c24e921bc092d1cf25ed3c187baff4d3e910493adbd36a77017a582,missing
sample-wmv,.wmv,tests/fixtures/sample.wmv,application/octet-stream,.wmv,,excluded,needs_review,pending,,generated:scripts.generators; tier=exact-byte,exact-byte,SHA256 match,not-executed,not-applicable,excluded,42ad82946c24e921bc092d1cf25ed3c187baff4d3e910493adbd36a77017a582,42ad82946c24e921bc092d1cf25ed3c187baff4d3e910493adbd36a77017a582,missing
sample-xar,.xar,tests/fixtures/sample.xar,application/octet-stream,.xar,,excluded,needs_review,pending,,generated:scripts.generators; tier=exact-byte,exact-byte,SHA256 match,not-executed,not-applicable,excluded,65aadc4f7a30a7ee3ae85b41d33b7c1709550d8b75887abbe668444e22b07db1,65aadc4f7a30a7ee3ae85b41d33b7c1709550d8b75887abbe668444e22b07db1,missing
sample-xht,.xht,tests/fixtures/sample.xht,text/html,.html; .htm; .xhtml; .xht,,excluded,needs_review,pending,,generated:scripts.generators; tier=exact-byte,exact-byte,SHA256 match,not-executed,not-applicable,excluded,f7b648289110ef5380e2bc3b12abebaa3adac1eda71f119b0ff8890adc659dc8,f7b648289110ef5380e2bc3b12abebaa3adac1eda71f119b0ff8890adc659dc8,missing
sample-xhtml,.xhtml,tests/fixtures/sample.xhtml,text/html,.html; .htm; .xhtml; .xht,,excluded,needs_review,pending,,generated:scripts.generators; tier=exact-byte,exact-byte,SHA256 match,not-executed,not-applicable,excluded,f7b648289110ef5380e2bc3b12abebaa3adac1eda71f119b0ff8890adc659dc8,f7b648289110ef5380e2bc3b12abebaa3adac1eda71f119b0ff8890adc659dc8,missing
sample-xlsb,.xlsb,tests/fixtures/sample.xlsb,application/vnd.openxmlformats-officedocument.spreadsheetml.sheet,.xlsb,,excluded,needs_review,pending,,generated:scripts.generators; tier=exact-byte,exact-byte,SHA256 match,not-executed,not-applicable,excluded,fdefab22f2cc0e46a907c40b819e391e5dea5d7f0ef44392f5960d23a394c60e,fdefab22f2cc0e46a907c40b819e391e5dea5d7f0ef44392f5960d23a394c60e,missing
sample-xlsm,.xlsm,tests/fixtures/sample.xlsm,application/vnd.openxmlformats-officedocument.spreadsheetml.sheet,.xlsx; .xlsm,,excluded,needs_review,pending,,generated:scripts.generators; tier=exact-byte,exact-byte,SHA256 match,not-executed,not-applicable,excluded,e523f03e302ceb746c48b6b70fb461be4b56879b193032554b8f5cb614f63d95,e523f03e302ceb746c48b6b70fb461be4b56879b193032554b8f5cb614f63d95,missing
sample-xml,.xml,tests/fixtures/sample.xml,text/xml,.xml,,excluded,needs_review,pending,,generated:scripts.generators; tier=exact-byte,exact-byte,SHA256 match,not-executed,not-applicable,excluded,3f65b9642b32fc69250dc202c6bcd170408a33a8355d569f90aff5b701396667,3f65b9642b32fc69250dc202c6bcd170408a33a8355d569f90aff5b701396667,missing
sample-xpi,.xpi,tests/fixtures/sample.xpi,application/zip,.xpi,,excluded,failed,subtype-structure-check,,generated:scripts.generators; tier=exact-byte,exact-byte,SHA256 match,not-executed,not-applicable,excluded,108aca0b5f98621c609264bd6408fdb7961efa5f845149fedac6bbe60dddbeb7,108aca0b5f98621c609264bd6408fdb7961efa5f845149fedac6bbe60dddbeb7,missing
sample-xsd,.xsd,tests/fixtures/sample.xsd,text/xml,.xsd,,excluded,needs_review,pending,,generated:scripts.generators; tier=exact-byte,exact-byte,SHA256 match,not-executed,not-applicable,excluded,4ccff2f5f31a8549dc22bd3cab8136ec122cd8b41d823e9369f7c7d6f076d1d9,4ccff2f5f31a8549dc22bd3cab8136ec122cd8b41d823e9369f7c7d6f076d1d9,missing
sample-xz,.xz,tests/fixtures/sample.xz,application/x-xz,.xz,,excluded,needs_review,pending,,generated:scripts.generators; tier=exact-byte,exact-byte,SHA256 match,not-executed,not-applicable,excluded,d53daa27c629e76f30cc51e2b5c9981eabdb8d6a9a3d213bd826c5014899695d,d53daa27c629e76f30cc51e2b5c9981eabdb8d6a9a3d213bd826c5014899695d,missing
sample-z,.z,tests/fixtures/sample.z,application/octet-stream,.z,,excluded,needs_review,pending,,generated:scripts.generators; tier=exact-byte,exact-byte,SHA256 match,not-executed,not-applicable,excluded,f62fb79acb993e9f336cc846bbd4de8882a5197b56dae5aca85f4208040da493,f62fb79acb993e9f336cc846bbd4de8882a5197b56dae5aca85f4208040da493,missing
sample-CPY,.cpy,tests/fixtures/sample.uppercase.CPY,text/x-cobol,.cpy; .cbl; .cob,,excluded,needs_review,pending,,generated:scripts.generators; tier=exact-byte,exact-byte,SHA256 match,not-executed,not-applicable,excluded,ea5dbd522fd35574425f8db33364034da873cd877d62ab7789b4376f6df12d0a,ea5dbd522fd35574425f8db33364034da873cd877d62ab7789b4376f6df12d0a,missing
sample-a68,.a68,tests/fixtures/sample.a68,text/x-algol68,.a68,,excluded,needs_review,pending,,generated:scripts.generators; tier=exact-byte,exact-byte,SHA256 match,not-executed,not-applicable,excluded,9d779861acb15bc7fedc0c4099b53b9ed2939d5c513fc0540c75eaacd79e8a77,9d779861acb15bc7fedc0c4099b53b9ed2939d5c513fc0540c75eaacd79e8a77,missing
sample-abnf,.abnf,tests/fixtures/sample.abnf,text/x-abnf,.abnf,,excluded,needs_review,pending,,generated:scripts.generators; tier=exact-byte,exact-byte,SHA256 match,not-executed,not-applicable,excluded,f3570966988b20da0cd6f14d89743850368826395a521f83e6d36501f4b82f10,f3570966988b20da0cd6f14d89743850368826395a521f83e6d36501f4b82f10,missing
sample-agda,.agda,tests/fixtures/sample.agda,text/x-agda,.agda,,excluded,needs_review,pending,,generated:scripts.generators; tier=exact-byte,exact-byte,SHA256 match,not-executed,not-applicable,excluded,699772cdb401f826d90aa56b9addba5d60190cb76b13f76821327e50a8bd4fce,699772cdb401f826d90aa56b9addba5d60190cb76b13f76821327e50a8bd4fce,missing
sample-aidl,.aidl,tests/fixtures/sample.aidl,text/x-aidl,.aidl,,excluded,needs_review,pending,ambiguous,generated:scripts.generators; tier=exact-byte,exact-byte,SHA256 match,not-executed,not-applicable,excluded,eb94343b2941b1ce08dfa46d7a47700a618a99021f8bb9fa7f9d05bb210a7328,eb94343b2941b1ce08dfa46d7a47700a618a99021f8bb9fa7f9d05bb210a7328,missing
sample-au3,.au3,tests/fixtures/sample.au3,text/x-autoit,.au3,,excluded,needs_review,pending,,generated:scripts.generators; tier=exact-byte,exact-byte,SHA256 match,not-executed,not-applicable,excluded,696b07e615b5213a514fe25c697566e4bcaea413e7528760b6d8a0a2b1ec63e8,696b07e615b5213a514fe25c697566e4bcaea413e7528760b6d8a0a2b1ec63e8,missing
sample-awk,.awk,tests/fixtures/sample.awk,text/plain,.awk,,excluded,needs_review,pending,,generated:scripts.generators; tier=exact-byte,exact-byte,SHA256 match,not-executed,not-applicable,excluded,d4761b70533175ac6e68ba7f0ba72d30e403154fc1e6565b717eae33bdce68a1,d4761b70533175ac6e68ba7f0ba72d30e403154fc1e6565b717eae33bdce68a1,missing
sample-b,.b,tests/fixtures/sample.b,text/plain,.b,,excluded,needs_review,pending,,generated:scripts.generators; tier=exact-byte,exact-byte,SHA256 match,not-executed,not-applicable,excluded,2024d42cc69cfd98fe77d6df328e4acf1c719d7d7373fa122974f607838cfe7c,2024d42cc69cfd98fe77d6df328e4acf1c719d7d7373fa122974f607838cfe7c,missing
sample-bdf,.bdf,tests/fixtures/sample.bdf,application/x-font-bdf,.bdf,,excluded,needs_review,pending,,generated:scripts.generators; tier=exact-byte,exact-byte,SHA256 match,not-executed,not-applicable,excluded,ab62a7004d3b52d06c05a258fae5ef0bff0e12fd98c443f524eede92db68855b,ab62a7004d3b52d06c05a258fae5ef0bff0e12fd98c443f524eede92db68855b,missing
sample-bf,.bf,tests/fixtures/sample.bf,text/x-brainfuck,.bf,,excluded,needs_review,pending,,generated:scripts.generators; tier=exact-byte,exact-byte,SHA256 match,not-executed,not-applicable,excluded,2024d42cc69cfd98fe77d6df328e4acf1c719d7d7373fa122974f607838cfe7c,2024d42cc69cfd98fe77d6df328e4acf1c719d7d7373fa122974f607838cfe7c,missing
sample-bfm,.bfm,tests/fixtures/sample.bfm,text/plain,.bfm,,excluded,needs_review,pending,,generated:scripts.generators; tier=exact-byte,exact-byte,SHA256 match,not-executed,not-applicable,excluded,cb685b754344568a805babaa0ce2dad78b7f42044f21fd22d039c6cca63d396c,cb685b754344568a805babaa0ce2dad78b7f42044f21fd22d039c6cca63d396c,missing
sample-brf,.brf,tests/fixtures/sample.brf,text/plain,.brf,,excluded,needs_review,pending,,generated:scripts.generators; tier=exact-byte,exact-byte,SHA256 match,not-executed,not-applicable,excluded,cb685b754344568a805babaa0ce2dad78b7f42044f21fd22d039c6cca63d396c,cb685b754344568a805babaa0ce2dad78b7f42044f21fd22d039c6cca63d396c,missing
sample-c--5ca8f6bccf8a,.c,tests/fixtures/sample.c,text/x-c,.c,,excluded,needs_review,pending,,generated:scripts.generators; tier=exact-byte,exact-byte,SHA256 match,not-executed,not-applicable,excluded,9286a47a12d283cb9883ed8ac183fd188cfd8bf2e0349a75959f62fb84d9ce92,9286a47a12d283cb9883ed8ac183fd188cfd8bf2e0349a75959f62fb84d9ce92,missing
sample-c--97d41896bede,.c++,tests/fixtures/sample.c++,text/x-c++,.c++; .cc; .cpp; .cxx; .cppm; .ixx,,excluded,needs_review,pending,,generated:scripts.generators; tier=exact-byte,exact-byte,SHA256 match,not-executed,not-applicable,excluded,ae9e7f6a49ded50cad5f1adaf214a7db14a214c7352273dd4c650a4f4292c7f9,ae9e7f6a49ded50cad5f1adaf214a7db14a214c7352273dd4c650a4f4292c7f9,missing
sample-cab,.cab,tests/fixtures/sample.cab,application/vnd.ms-cab-compressed,.cab,,excluded,needs_review,pending,,generated:scripts.generators; tier=exact-byte,exact-byte,SHA256 match,not-executed,not-applicable,excluded,0b64850b5bafe1dec400d9a7bd826aac4c3fa817f61361aff2ddfacb2dd29116,0b64850b5bafe1dec400d9a7bd826aac4c3fa817f61361aff2ddfacb2dd29116,missing
sample-carbon,.carbon,tests/fixtures/sample.carbon,text/x-carbon,.carbon,,excluded,needs_review,pending,,generated:scripts.generators; tier=exact-byte,exact-byte,SHA256 match,not-executed,not-applicable,excluded,25c9eff37beda72c9ed8880c2eccac40ec43f603791c21393c66de995e919631,25c9eff37beda72c9ed8880c2eccac40ec43f603791c21393c66de995e919631,missing
sample-cc,.cc,tests/fixtures/sample.cc,text/x-c++,.cc; .cpp; .cxx; .c++; .cppm; .ixx,,excluded,needs_review,pending,,generated:scripts.generators; tier=exact-byte,exact-byte,SHA256 match,not-executed,not-applicable,excluded,ae9e7f6a49ded50cad5f1adaf214a7db14a214c7352273dd4c650a4f4292c7f9,ae9e7f6a49ded50cad5f1adaf214a7db14a214c7352273dd4c650a4f4292c7f9,missing
sample-cpp,.cpp,tests/fixtures/sample.cpp,text/x-c++,.cc; .cpp; .cxx; .c++; .cppm; .ixx,,excluded,needs_review,pending,,generated:scripts.generators; tier=exact-byte,exact-byte,SHA256 match,not-executed,not-applicable,excluded,ae9e7f6a49ded50cad5f1adaf214a7db14a214c7352273dd4c650a4f4292c7f9,ae9e7f6a49ded50cad5f1adaf214a7db14a214c7352273dd4c650a4f4292c7f9,missing
sample-cppm,.cppm,tests/fixtures/sample.cppm,text/x-c++,.cc; .cpp; .cxx; .c++; .cppm; .ixx,,excluded,needs_review,pending,,generated:scripts.generators; tier=exact-byte,exact-byte,SHA256 match,not-executed,not-applicable,excluded,ae9e7f6a49ded50cad5f1adaf214a7db14a214c7352273dd4c650a4f4292c7f9,ae9e7f6a49ded50cad5f1adaf214a7db14a214c7352273dd4c650a4f4292c7f9,missing
sample-csproj,.csproj,tests/fixtures/sample.csproj,text/xml,.csproj,,excluded,needs_review,pending,,generated:scripts.generators; tier=exact-byte,exact-byte,SHA256 match,not-executed,not-applicable,excluded,bc49d6edd0f35c83ca92f0a44d31cbc6ac73ae5cb5d3d5b283f9d5d64b80e536,bc49d6edd0f35c83ca92f0a44d31cbc6ac73ae5cb5d3d5b283f9d5d64b80e536,missing
sample-cxx,.cxx,tests/fixtures/sample.cxx,text/x-c++,.cc; .cpp; .cxx; .c++; .cppm; .ixx,,excluded,needs_review,pending,,generated:scripts.generators; tier=exact-byte,exact-byte,SHA256 match,not-executed,not-applicable,excluded,ae9e7f6a49ded50cad5f1adaf214a7db14a214c7352273dd4c650a4f4292c7f9,ae9e7f6a49ded50cad5f1adaf214a7db14a214c7352273dd4c650a4f4292c7f9,missing
sample-dart,.dart,tests/fixtures/sample.dart,text/x-dart,.dart,,excluded,needs_review,pending,,generated:scripts.generators; tier=exact-byte,exact-byte,SHA256 match,not-executed,not-applicable,excluded,757b74dcbcb75b01f13d095a8c22c9507fa9590046bd634f8008b00950c192ca,757b74dcbcb75b01f13d095a8c22c9507fa9590046bd634f8008b00950c192ca,missing
sample-dhall,.dhall,tests/fixtures/sample.dhall,text/x-dhall,.dhall,,excluded,needs_review,pending,,generated:scripts.generators; tier=exact-byte,exact-byte,SHA256 match,not-executed,not-applicable,excluded,850ac053d9676ae237039e0222611b16c868544ea732e8ae19564204f8f5fff4,850ac053d9676ae237039e0222611b16c868544ea732e8ae19564204f8f5fff4,missing
sample-dm,.dm,tests/fixtures/sample.dm,text/x-dm,.dm,,excluded,needs_review,pending,ambiguous,generated:scripts.generators; tier=exact-byte,exact-byte,SHA256 match,not-executed,not-applicable,excluded,86f051f398ec3d3ad1da9f1e5fa6394ee727025abc3f63c2c9700fed904495ae,86f051f398ec3d3ad1da9f1e5fa6394ee727025abc3f63c2c9700fed904495ae,missing
sample-dmigd,.dmigd,tests/fixtures/sample.dmigd,text/x-dm,.dmigd,,excluded,needs_review,pending,,generated:scripts.generators; tier=exact-byte,exact-byte,SHA256 match,not-executed,not-applicable,excluded,86f051f398ec3d3ad1da9f1e5fa6394ee727025abc3f63c2c9700fed904495ae,86f051f398ec3d3ad1da9f1e5fa6394ee727025abc3f63c2c9700fed904495ae,missing
sample-elm,.elm,tests/fixtures/sample.elm,text/x-elm,.elm,,excluded,needs_review,pending,,generated:scripts.generators; tier=exact-byte,exact-byte,SHA256 match,not-executed,not-applicable,excluded,921d5500496f7332ea4077829c0aa851d790c752c83d388333fd295023b6d997,921d5500496f7332ea4077829c0aa851d790c752c83d388333fd295023b6d997,missing
sample-firrtl,.firrtl,tests/fixtures/sample.firrtl,text/x-firrtl,.firrtl,,excluded,needs_review,pending,,generated:scripts.generators; tier=exact-byte,exact-byte,SHA256 match,not-executed,not-applicable,excluded,ae4ebee1fe3ed438c1fbd346b9208ab75d62c8931a939072478799c2ff758471,ae4ebee1fe3ed438c1fbd346b9208ab75d62c8931a939072478799c2ff758471,missing
sample-gemspec,.gemspec,tests/fixtures/sample.gemspec,text/x-ruby,.gemspec,,excluded,needs_review,pending,,generated:scripts.generators; tier=exact-byte,exact-byte,SHA256 match,not-executed,not-applicable,excluded,94cfd8cc0bd669dfa89286f8996e62d36bb92ba88e060e63c6029fdbe8723b66,94cfd8cc0bd669dfa89286f8996e62d36bb92ba88e060e63c6029fdbe8723b66,missing
sample-gleam,.gleam,tests/fixtures/sample.gleam,text/x-gleam,.gleam,,excluded,needs_review,pending,,generated:scripts.generators; tier=exact-byte,exact-byte,SHA256 match,not-executed,not-applicable,excluded,1aa904a8db371adc6666e2f39e49fbd6453faa4ddf621006f0b76eb1c723e87f,1aa904a8db371adc6666e2f39e49fbd6453faa4ddf621006f0b76eb1c723e87f,missing
sample-glsl,.glsl,tests/fixtures/sample.glsl,text/x-glsl,.glsl,,excluded,needs_review,pending,,generated:scripts.generators; tier=exact-byte,exact-byte,SHA256 match,not-executed,not-applicable,excluded,fd811925c0d865f84db835a8f5d241ac379f9cc76195d0c9f14f4ef03dcf9a1b,fd811925c0d865f84db835a8f5d241ac379f9cc76195d0c9f14f4ef03dcf9a1b,missing
sample-h--ee32746c8083,.h,tests/fixtures/sample.h,text/x-c,.h,,excluded,needs_review,pending,,generated:scripts.generators; tier=exact-byte,exact-byte,SHA256 match,not-executed,not-applicable,excluded,3f5874b80a2e48f3888e511f6e386a5f0b666f867f7a374325f7f3ec87002f09,3f5874b80a2e48f3888e511f6e386a5f0b666f867f7a374325f7f3ec87002f09,missing
sample-h--3edb0bf45f4b,.h++,tests/fixtures/sample.h++,text/x-c++,.h++; .hh; .hpp; .hxx,,excluded,needs_review,pending,,generated:scripts.generators; tier=exact-byte,exact-byte,SHA256 match,not-executed,not-applicable,excluded,fd81170333f45da60c3c515291606d1082216100060425cb8d713ebc792f6019,fd81170333f45da60c3c515291606d1082216100060425cb8d713ebc792f6019,missing
sample-hh,.hh,tests/fixtures/sample.hh,text/x-c++,.h++; .hh; .hpp; .hxx,,excluded,needs_review,pending,,generated:scripts.generators; tier=exact-byte,exact-byte,SHA256 match,not-executed,not-applicable,excluded,fd81170333f45da60c3c515291606d1082216100060425cb8d713ebc792f6019,fd81170333f45da60c3c515291606d1082216100060425cb8d713ebc792f6019,missing
sample-hlsl,.hlsl,tests/fixtures/sample.hlsl,text/x-hlsl,.hlsl,,excluded,needs_review,pending,,generated:scripts.generators; tier=exact-byte,exact-byte,SHA256 match,not-executed,not-applicable,excluded,41c560ed29b7aaf1b773e660bc8980966c929b8fa0ac15c667e2ef6f567faaa8,41c560ed29b7aaf1b773e660bc8980966c929b8fa0ac15c667e2ef6f567faaa8,missing
sample-hpp,.hpp,tests/fixtures/sample.hpp,text/x-c++,.h++; .hh; .hpp; .hxx,,excluded,needs_review,pending,,generated:scripts.generators; tier=exact-byte,exact-byte,SHA256 match,not-executed,not-applicable,excluded,fd81170333f45da60c3c515291606d1082216100060425cb8d713ebc792f6019,fd81170333f45da60c3c515291606d1082216100060425cb8d713ebc792f6019,missing
sample-hs,.hs,tests/fixtures/sample.hs,text/x-haskell,.hs; .lhs,,excluded,needs_review,pending,,generated:scripts.generators; tier=exact-byte,exact-byte,SHA256 match,not-executed,not-applicable,excluded,4d92482161393f668432886d19ce6dd62c063362a70c0455cb785df64573b833,4d92482161393f668432886d19ce6dd62c063362a70c0455cb785df64573b833,missing
sample-hxx,.hxx,tests/fixtures/sample.hxx,text/x-c++,.h++; .hh; .hpp; .hxx,,excluded,needs_review,pending,,generated:scripts.generators; tier=exact-byte,exact-byte,SHA256 match,not-executed,not-applicable,excluded,fd81170333f45da60c3c515291606d1082216100060425cb8d713ebc792f6019,fd81170333f45da60c3c515291606d1082216100060425cb8d713ebc792f6019,missing
sample-idr,.idr,tests/fixtures/sample.idr,text/x-idris,.idr,,excluded,needs_review,pending,,generated:scripts.generators; tier=exact-byte,exact-byte,SHA256 match,not-executed,not-applicable,excluded,ea2451542e0b6d679edd89e8da9c0a1292443e1afa5479a1968c920b5544e1ef,ea2451542e0b6d679edd89e8da9c0a1292443e1afa5479a1968c920b5544e1ef,missing
sample-ini,.ini,tests/fixtures/sample.ini,text/x-ini,.ini,,excluded,needs_review,pending,,generated:scripts.generators; tier=exact-byte,exact-byte,SHA256 match,not-executed,not-applicable,excluded,21b63f32a96f90dac95032e88688808c7398830f1d3eb5f091336fe91f5950e9,21b63f32a96f90dac95032e88688808c7398830f1d3eb5f091336fe91f5950e9,missing
sample-ixx,.ixx,tests/fixtures/sample.ixx,text/x-c++,.cc; .cpp; .cxx; .c++; .cppm; .ixx,,excluded,needs_review,pending,,generated:scripts.generators; tier=exact-byte,exact-byte,SHA256 match,not-executed,not-applicable,excluded,ae9e7f6a49ded50cad5f1adaf214a7db14a214c7352273dd4c650a4f4292c7f9,ae9e7f6a49ded50cad5f1adaf214a7db14a214c7352273dd4c650a4f4292c7f9,missing
sample-jl,.jl,tests/fixtures/sample.jl,text/x-julia,.jl,,excluded,needs_review,pending,,generated:scripts.generators; tier=exact-byte,exact-byte,SHA256 match,not-executed,not-applicable,excluded,cedba7725a2bb636d899dddf00e9d2b71005f97e6a8b0468ca8cf3be6074e8a6,cedba7725a2bb636d899dddf00e9d2b71005f97e6a8b0468ca8cf3be6074e8a6,missing
sample-kt,.kt,tests/fixtures/sample.kt,text/x-kotlin,.kt; .kts,,excluded,needs_review,pending,,generated:scripts.generators; tier=exact-byte,exact-byte,SHA256 match,not-executed,not-applicable,excluded,7c8cfc1159391051ae9df777b734281c174f11adce948f66f1a3e73444d76f2d,7c8cfc1159391051ae9df777b734281c174f11adce948f66f1a3e73444d76f2d,missing
sample-kts,.kts,tests/fixtures/sample.kts,text/x-kotlin,.kt; .kts,,excluded,needs_review,pending,,generated:scripts.generators; tier=exact-byte,exact-byte,SHA256 match,not-executed,not-applicable,excluded,7c8cfc1159391051ae9df777b734281c174f11adce948f66f1a3e73444d76f2d,7c8cfc1159391051ae9df777b734281c174f11adce948f66f1a3e73444d76f2d,missing
sample-lean,.lean,tests/fixtures/sample.lean,text/x-lean,.lean,,excluded,needs_review,pending,,generated:scripts.generators; tier=exact-byte,exact-byte,SHA256 match,not-executed,not-applicable,excluded,2842028fc4bf7ef2b110d91a5a49439b2d65f70bf08fbd78c17e8540d165b036,2842028fc4bf7ef2b110d91a5a49439b2d65f70bf08fbd78c17e8540d165b036,missing
sample-lhs,.lhs,tests/fixtures/sample.lhs,text/x-haskell,.hs; .lhs,,excluded,needs_review,pending,,generated:scripts.generators; tier=exact-byte,exact-byte,SHA256 match,not-executed,not-applicable,excluded,9e5e3c2e4c7f025df7711c3c3fc2d90b4745be9bc3dc403f9b193617fb316d1d,9e5e3c2e4c7f025df7711c3c3fc2d90b4745be9bc3dc403f9b193617fb316d1d,missing
sample-lua,.lua,tests/fixtures/sample.lua,text/x-lua,.lua,,excluded,needs_review,pending,,generated:scripts.generators; tier=exact-byte,exact-byte,SHA256 match,not-executed,not-applicable,excluded,18a6066e8dd25f6d99b3274b3232ebae6750fc8d1637729125863d7919df784f,18a6066e8dd25f6d99b3274b3232ebae6750fc8d1637729125863d7919df784f,missing
sample-m2t,.m2t,tests/fixtures/sample.m2t,text/plain,.m2t,,excluded,needs_review,pending,,generated:scripts.generators; tier=exact-byte,exact-byte,SHA256 match,not-executed,not-applicable,excluded,0b4be092219e4eaa5e8c8bb4f4a1d9e296e1c7699b3654cd4dd543752de8e0ef,0b4be092219e4eaa5e8c8bb4f4a1d9e296e1c7699b3654cd4dd543752de8e0ef,missing
sample-m3u,.m3u,tests/fixtures/sample.m3u,audio/x-mpegurl,.m3u; .m3u8,,excluded,needs_review,pending,,generated:scripts.generators; tier=exact-byte,exact-byte,SHA256 match,not-executed,not-applicable,excluded,689a7b2242cfe0ef9501787c6012828f7239055c70483122f7bdc0c086943803,689a7b2242cfe0ef9501787c6012828f7239055c70483122f7bdc0c086943803,missing
sample-m3u8,.m3u8,tests/fixtures/sample.m3u8,application/vnd.apple.mpegurl,.m3u8; .m3u,,excluded,needs_review,pending,,generated:scripts.generators; tier=exact-byte,exact-byte,SHA256 match,not-executed,not-applicable,excluded,689a7b2242cfe0ef9501787c6012828f7239055c70483122f7bdc0c086943803,689a7b2242cfe0ef9501787c6012828f7239055c70483122f7bdc0c086943803,missing
sample-metal,.metal,tests/fixtures/sample.metal,text/x-c++,.metal,,excluded,needs_review,pending,,generated:scripts.generators; tier=exact-byte,exact-byte,SHA256 match,not-executed,not-applicable,excluded,a157666eb228e7687a8fcc1663f49b3e9da9d48cbc81640490ee92aed254e213,a157666eb228e7687a8fcc1663f49b3e9da9d48cbc81640490ee92aed254e213,missing
sample-mlir,.mlir,tests/fixtures/sample.mlir,text/x-mlir,.mlir,,excluded,needs_review,pending,,generated:scripts.generators; tier=exact-byte,exact-byte,SHA256 match,not-executed,not-applicable,excluded,81e9ca5387d8838294f41c29ae588c00474ee1ba12b438e1ae784fcbeacb2c7d,81e9ca5387d8838294f41c29ae588c00474ee1ba12b438e1ae784fcbeacb2c7d,missing
sample-nix,.nix,tests/fixtures/sample.nix,text/x-nix,.nix,,excluded,needs_review,pending,,generated:scripts.generators; tier=exact-byte,exact-byte,SHA256 match,not-executed,not-applicable,excluded,fb9219f094bd75001806bac11ba381398a225e12f31f43d2db1d77f9ecf92226,fb9219f094bd75001806bac11ba381398a225e12f31f43d2db1d77f9ecf92226,missing
sample-npy,.npy,tests/fixtures/sample.npy,application/x-numpy,.npy,,excluded,needs_review,pending,,generated:scripts.generators; tier=exact-byte,exact-byte,SHA256 match,not-executed,not-applicable,excluded,07fa47cad8f32495a1409698d1aeac8d06ad71a0fca65f1b5b400a7ce217debe,07fa47cad8f32495a1409698d1aeac8d06ad71a0fca65f1b5b400a7ce217debe,missing
sample-onnx,.onnx,tests/fixtures/sample.onnx,application/x-onnx,.onnx,,excluded,needs_review,pending,,generated:scripts.generators; tier=exact-byte,exact-byte,SHA256 match,not-executed,not-applicable,excluded,54375b16ee099d9dca13a2973614bdabdffdfb5e510e98dc0921cfbaae98d3ec,54375b16ee099d9dca13a2973614bdabdffdfb5e510e98dc0921cfbaae98d3ec,missing
sample-pb,.pb,tests/fixtures/sample.pb,application/octet-stream,.pb,,excluded,needs_review,pending,,generated:scripts.generators; tier=exact-byte,exact-byte,SHA256 match,not-executed,not-applicable,excluded,c99e673a22952bfdd4a887997cdd4a309ccf1ab52cda248c5b38df6cbd5ceb98,c99e673a22952bfdd4a887997cdd4a309ccf1ab52cda248c5b38df6cbd5ceb98,missing
sample-pickle,.pickle,tests/fixtures/sample.pickle,application/x-python-pickle,.pickle; .pkl,,excluded,needs_review,pending,,generated:scripts.generators; tier=exact-byte,exact-byte,SHA256 match,not-executed,not-applicable,excluded,7fd82bc8334d49ee88c613e24ac7d0b13453972c5794fab10f9af20afc31f242,7fd82bc8334d49ee88c613e24ac7d0b13453972c5794fab10f9af20afc31f242,missing
sample-pkl,.pkl,tests/fixtures/sample.pkl,application/x-python-pickle,.pickle; .pkl,,excluded,needs_review,pending,,generated:scripts.generators; tier=exact-byte,exact-byte,SHA256 match,not-executed,not-applicable,excluded,7fd82bc8334d49ee88c613e24ac7d0b13453972c5794fab10f9af20afc31f242,7fd82bc8334d49ee88c613e24ac7d0b13453972c5794fab10f9af20afc31f242,missing
sample-protobuf,.protobuf,tests/fixtures/sample.protobuf,application/x-protobuf,.proto; .protobuf,,excluded,needs_review,pending,,generated:scripts.generators; tier=exact-byte,exact-byte,SHA256 match,not-executed,not-applicable,excluded,c99e673a22952bfdd4a887997cdd4a309ccf1ab52cda248c5b38df6cbd5ceb98,c99e673a22952bfdd4a887997cdd4a309ccf1ab52cda248c5b38df6cbd5ceb98,missing
sample-ps1,.ps1,tests/fixtures/sample.ps1,text/x-powershell,.ps1,,excluded,needs_review,pending,,generated:scripts.generators; tier=exact-byte,exact-byte,SHA256 match,not-executed,not-applicable,excluded,beb6188c27b3d0aca7ae156f27d9dc5ee80122d2e9bc79bf6a7bca7a31f3729c,beb6188c27b3d0aca7ae156f27d9dc5ee80122d2e9bc79bf6a7bca7a31f3729c,missing
sample-pt,.pt,tests/fixtures/sample.pt,application/x-pytorch,.pt,,excluded,needs_review,pending,,generated:scripts.generators; tier=exact-byte,exact-byte,SHA256 match,not-executed,not-applicable,excluded,52a0f467b036d3ca841849a32904e2ddd05ff1f5df75237d669e17d6af60a05c,52a0f467b036d3ca841849a32904e2ddd05ff1f5df75237d669e17d6af60a05c,missing
sample-pth,.pth,tests/fixtures/sample.pth,application/x-pytorch,.pth,,excluded,needs_review,pending,,generated:scripts.generators; tier=exact-byte,exact-byte,SHA256 match,not-executed,not-applicable,excluded,52a0f467b036d3ca841849a32904e2ddd05ff1f5df75237d669e17d6af60a05c,52a0f467b036d3ca841849a32904e2ddd05ff1f5df75237d669e17d6af60a05c,missing
sample-pub,.pub,tests/fixtures/sample.pub,text/plain,.pub,,excluded,needs_review,pending,,generated:scripts.generators; tier=exact-byte,exact-byte,SHA256 match,not-executed,not-applicable,excluded,2f88cb7a6415e52ccd4863bc9bbf774b324a62a117fcb13f354ae9333ae39538,2f88cb7a6415e52ccd4863bc9bbf774b324a62a117fcb13f354ae9333ae39538,missing
sample-purs,.purs,tests/fixtures/sample.purs,text/x-purescript,.purs,,excluded,needs_review,pending,,generated:scripts.generators; tier=exact-byte,exact-byte,SHA256 match,not-executed,not-applicable,excluded,7443c4e51e19cc67710a24157335657bb2dd4598fed4e27c18aa8b846004d191,7443c4e51e19cc67710a24157335657bb2dd4598fed4e27c18aa8b846004d191,missing
sample-pyi,.pyi,tests/fixtures/sample.pyi,text/x-python,.pyi,,excluded,needs_review,pending,,generated:scripts.generators; tier=exact-byte,exact-byte,SHA256 match,not-executed,not-applicable,excluded,6b3c1b353065b17129d883ec6ffa1145bc0444f14ec83e69c6ef66fc2c3a57f2,6b3c1b353065b17129d883ec6ffa1145bc0444f14ec83e69c6ef66fc2c3a57f2,missing
sample-roc,.roc,tests/fixtures/sample.roc,text/x-roc,.roc,,excluded,needs_review,pending,,generated:scripts.generators; tier=exact-byte,exact-byte,SHA256 match,not-executed,not-applicable,excluded,3e886d8606e4608c0895db84d4e0e2057140ab2401293a1296579e310c32faf8,3e886d8606e4608c0895db84d4e0e2057140ab2401293a1296579e310c32faf8,missing
sample-sgml,.sgml,tests/fixtures/sample.sgml,text/sgml,.sgml,,excluded,needs_review,pending,ambiguous,generated:scripts.generators; tier=exact-byte,exact-byte,SHA256 match,not-executed,not-applicable,excluded,68bddb506d64317975a3988830fea7e311bb844f55a926d121d965efca5c074c,68bddb506d64317975a3988830fea7e311bb844f55a926d121d965efca5c074c,missing
sample-sol,.sol,tests/fixtures/sample.sol,text/x-solidity,.sol,,excluded,needs_review,pending,,generated:scripts.generators; tier=exact-byte,exact-byte,SHA256 match,not-executed,not-applicable,excluded,d3858cf7b8ad1d4677e2b4a73fc9c32ff2fe63498d9a5b0a9183e72544a5819c,d3858cf7b8ad1d4677e2b4a73fc9c32ff2fe63498d9a5b0a9183e72544a5819c,missing
sample-spv,.spv,tests/fixtures/sample.spv,application/octet-stream,.spv,,excluded,needs_review,pending,,generated:scripts.generators; tier=exact-byte,exact-byte,SHA256 match,not-executed,not-applicable,excluded,6d662cef909999e1b3d0d34fad812e1f244bf21bdcf1b88d853183ccc5c82141,6d662cef909999e1b3d0d34fad812e1f244bf21bdcf1b88d853183ccc5c82141,missing
sample-sum,.sum,tests/fixtures/sample.sum,text/plain,.sum,,excluded,needs_review,pending,ambiguous,generated:scripts.generators; tier=exact-byte,exact-byte,SHA256 match,not-executed,not-applicable,excluded,439777dfa8b19197d7b8fd86bb5fd9a9a3a6daec31fc6437476a4f454d60bce4,439777dfa8b19197d7b8fd86bb5fd9a9a3a6daec31fc6437476a4f454d60bce4,missing
sample-text,.text,tests/fixtures/sample.text,text/plain,.txt; .text,,excluded,needs_review,pending,,generated:scripts.generators; tier=exact-byte,exact-byte,SHA256 match,not-executed,not-applicable,excluded,c98c24b677eff44860afea6f493bbaec5bb1c4cbb209c6fc2bbb47f66ff2ad31,c98c24b677eff44860afea6f493bbaec5bb1c4cbb209c6fc2bbb47f66ff2ad31,missing
sample-ts,.ts,tests/fixtures/sample.ts,text/plain,.ts,,excluded,needs_review,pending,,generated:scripts.generators; tier=exact-byte,exact-byte,SHA256 match,not-executed,not-applicable,excluded,0b4be092219e4eaa5e8c8bb4f4a1d9e296e1c7699b3654cd4dd543752de8e0ef,0b4be092219e4eaa5e8c8bb4f4a1d9e296e1c7699b3654cd4dd543752de8e0ef,missing
sample-txt,.txt,tests/fixtures/sample.txt,text/plain,.txt,,excluded,needs_review,pending,,generated:scripts.generators; tier=exact-byte,exact-byte,SHA256 match,not-executed,not-applicable,excluded,c98c24b677eff44860afea6f493bbaec5bb1c4cbb209c6fc2bbb47f66ff2ad31,c98c24b677eff44860afea6f493bbaec5bb1c4cbb209c6fc2bbb47f66ff2ad31,missing
sample-vim,.vim,tests/fixtures/sample.vim,text/x-vim,.vim,,excluded,needs_review,pending,,generated:scripts.generators; tier=exact-byte,exact-byte,SHA256 match,not-executed,not-applicable,excluded,dee0e8daf8c98a41fb3a6522b46ccd367631eeefa96301bedfa1ab250597e00f,dee0e8daf8c98a41fb3a6522b46ccd367631eeefa96301bedfa1ab250597e00f,missing
sample-wgsl,.wgsl,tests/fixtures/sample.wgsl,text/x-wgsl,.wgsl,,excluded,needs_review,pending,,generated:scripts.generators; tier=exact-byte,exact-byte,SHA256 match,not-executed,not-applicable,excluded,b212adfab42a49bf443e4637c37d5eaca57ceff4d8e934b08b3fd26ddda8da36,b212adfab42a49bf443e4637c37d5eaca57ceff4d8e934b08b3fd26ddda8da36,missing
sample-arc,.arc,tests/fixtures/sample.arc,application/octet-stream,.arc,,excluded,needs_review,pending,,generated:scripts.generators; tier=exact-byte,exact-byte,SHA256 match,not-executed,not-applicable,excluded,f0e1a755faecfd1c2ea42167d99fbbaa02c5abf179878f8beabf327906c88284,f0e1a755faecfd1c2ea42167d99fbbaa02c5abf179878f8beabf327906c88284,missing
sample-chm,.chm,tests/fixtures/sample.chm,application/octet-stream,.chm,,excluded,needs_review,pending,,generated:scripts.generators; tier=exact-byte,exact-byte,SHA256 match,not-executed,not-applicable,excluded,7aa9d41df711c9c0a7e55f8c15e67b8fa50134d40f493bb9e9fc3beb6d170fb1,7aa9d41df711c9c0a7e55f8c15e67b8fa50134d40f493bb9e9fc3beb6d170fb1,missing
sample-dcm,.dcm,tests/fixtures/sample.dcm,application/dicom,.dcm,,verified,verified,w3_validate.py:pydicom,distinctive,generated:scripts.generators.data_formats.DataFormatGenerator._create_dcm; tier=exact-byte,exact-byte,SHA256 match,not-executed,not-applicable,verified,94e8bb25f73b15dce5bbb248e99c1105179f2368eab76891622f48070a55873a,94e8bb25f73b15dce5bbb248e99c1105179f2368eab76891622f48070a55873a,complete
sample-dex,.dex,tests/fixtures/sample.dex,application/octet-stream,.dex,,excluded,needs_review,pending,,generated:scripts.generators; tier=exact-byte,exact-byte,SHA256 match,not-executed,not-applicable,excluded,87d3a70a0ea84c9915b86361a262690eddaf8e9c82948549d3750fb003c82a71,87d3a70a0ea84c9915b86361a262690eddaf8e9c82948549d3750fb003c82a71,missing
sample-dockerfile,.dockerfile,tests/fixtures/sample.dockerfile,text/plain,.dockerfile,,excluded,needs_review,pending,,generated:scripts.generators; tier=exact-byte,exact-byte,SHA256 match,not-executed,not-applicable,excluded,0aae8821a35b03262568625d3b11b1cde3726798169e8118deb5aa04b29186d5,0aae8821a35b03262568625d3b11b1cde3726798169e8118deb5aa04b29186d5,missing
sample-jng,.jng,tests/fixtures/sample.jng,application/octet-stream,.jng,,excluded,needs_review,pending,,generated:scripts.generators; tier=exact-byte,exact-byte,SHA256 match,not-executed,not-applicable,excluded,1de3f8985744c1ce0d8e4e77b15edd500280b0d20ff507970985719439f000f8,1de3f8985744c1ce0d8e4e77b15edd500280b0d20ff507970985719439f000f8,missing
sample-lha,.lha,tests/fixtures/sample.lha,text/plain,.lha,,excluded,needs_review,pending,,generated:scripts.generators; tier=exact-byte,exact-byte,SHA256 match,not-executed,not-applicable,excluded,a08d92b1c910c6535f8615aefd450c4af726cb7260b0fc2c8bdc89f951c5a6ea,a08d92b1c910c6535f8615aefd450c4af726cb7260b0fc2c8bdc89f951c5a6ea,missing
sample-lrz,.lrz,tests/fixtures/sample.lrz,text/plain,.lrz,,excluded,needs_review,pending,,generated:scripts.generators; tier=exact-byte,exact-byte,SHA256 match,not-executed,not-applicable,excluded,356eaf7f5a3cfceac2d45f65b0544e4b0b6dfba6d0576a4bef4afb1e836da6ca,356eaf7f5a3cfceac2d45f65b0544e4b0b6dfba6d0576a4bef4afb1e836da6ca,missing
sample-lzh,.lzh,tests/fixtures/sample.lzh,text/plain,.lzh,,excluded,needs_review,pending,,generated:scripts.generators; tier=exact-byte,exact-byte,SHA256 match,not-executed,not-applicable,excluded,4d1c79827a754ed8f8e45debb9d581dee73577ceeca395e461e89c4ad2740289,4d1c79827a754ed8f8e45debb9d581dee73577ceeca395e461e89c4ad2740289,missing
sample-odex,.odex,tests/fixtures/sample.odex,application/octet-stream,.odex,,excluded,needs_review,pending,,generated:scripts.generators; tier=exact-byte,exact-byte,SHA256 match,not-executed,not-applicable,excluded,c87eea6ee84aee2db8267b0926aa0c86a5ae0184de70c570630c84fd868363f0,c87eea6ee84aee2db8267b0926aa0c86a5ae0184de70c570630c84fd868363f0,missing
sample-oga,.oga,tests/fixtures/sample.oga,application/octet-stream,.oga,,excluded,needs_review,pending,,generated:scripts.generators; tier=exact-byte,exact-byte,SHA256 match,not-executed,not-applicable,excluded,37ac58f20516f38660946e617da982a0bf20e64a66cc839e3f6becc211c7e6ca,37ac58f20516f38660946e617da982a0bf20e64a66cc839e3f6becc211c7e6ca,missing
sample-ogg,.ogg,tests/fixtures/sample.ogg,application/octet-stream,.ogg,,excluded,needs_review,pending,,generated:scripts.generators; tier=exact-byte,exact-byte,SHA256 match,not-executed,not-applicable,excluded,37ac58f20516f38660946e617da982a0bf20e64a66cc839e3f6becc211c7e6ca,37ac58f20516f38660946e617da982a0bf20e64a66cc839e3f6becc211c7e6ca,missing
sample-opus,.opus,tests/fixtures/sample.opus,application/octet-stream,.opus,,excluded,needs_review,pending,,generated:scripts.generators; tier=exact-byte,exact-byte,SHA256 match,not-executed,not-applicable,excluded,37ac58f20516f38660946e617da982a0bf20e64a66cc839e3f6becc211c7e6ca,37ac58f20516f38660946e617da982a0bf20e64a66cc839e3f6becc211c7e6ca,missing
sample-pcapng,.pcapng,tests/fixtures/sample.pcapng,application/octet-stream,.pcapng,,excluded,needs_review,pending,,generated:scripts.generators; tier=exact-byte,exact-byte,SHA256 match,not-executed,not-applicable,excluded,e742fc5e1da6672a39198e7d0d6b99949c89e97bf073a4b9ec0ba97187917793,e742fc5e1da6672a39198e7d0d6b99949c89e97bf073a4b9ec0ba97187917793,missing
sample-pyc,.pyc,tests/fixtures/sample.pyc,application/x-python-code,.pyc,,verified,verified,w3_validate.py:pyc-marshal,distinctive,generated:scripts.generators.executables.ExecutableGenerator._create_pyc; tier=exact-byte,exact-byte,SHA256 match,not-executed,not-applicable,verified,f4333e808079e0e3669005c9657e51039c1efc4989665902abc27be8afd79659,f4333e808079e0e3669005c9657e51039c1efc4989665902abc27be8afd79659,complete
sample-pyo,.pyo,tests/fixtures/sample.pyo,text/plain,.pyo,,excluded,needs_review,pending,,generated:scripts.generators; tier=exact-byte,exact-byte,SHA256 match,not-executed,not-applicable,excluded,b0bf6484e4e98285cfa9623c832a36c86482b8b922c0af8393ef4d138aa8a002,b0bf6484e4e98285cfa9623c832a36c86482b8b922c0af8393ef4d138aa8a002,missing
sample-qoi,.qoi,tests/fixtures/sample.qoi,application/octet-stream,.qoi,,excluded,needs_review,pending,,generated:scripts.generators; tier=exact-byte,exact-byte,SHA256 match,not-executed,not-applicable,excluded,4c5dd859f0e672e6df12d01b6bb602115fc7c4198d42eb98ed4308ee79d8e6a6,4c5dd859f0e672e6df12d01b6bb602115fc7c4198d42eb98ed4308ee79d8e6a6,missing
sample-stl,.stl,tests/fixtures/sample.stl,application/octet-stream,.stl,,excluded,needs_review,pending,,generated:scripts.generators; tier=pinned-sha-roundtrip,pinned-sha-roundtrip,SHA256 match,not-executed,not-applicable,excluded,dce4a3a3a401bfd064ad999917b351dbe52fc788f60614f68e9e8c8869aadb69,dce4a3a3a401bfd064ad999917b351dbe52fc788f60614f68e9e8c8869aadb69,missing
sample-swf,.swf,tests/fixtures/sample.swf,application/octet-stream,.swf,,excluded,needs_review,pending,,generated:scripts.generators; tier=exact-byte,exact-byte,SHA256 match,not-executed,not-applicable,excluded,cf8f82bc4ecdf831e38df4471e600adaf492dd156276b41072344d61e97d8bc3,cf8f82bc4ecdf831e38df4471e600adaf492dd156276b41072344d61e97d8bc3,missing
sample-woff,.woff,tests/fixtures/sample.woff,font/woff,.woff,,excluded,verified,fontTools TTFont WOFF reopen,distinctive,generated:scripts.generators; tier=exact-byte,exact-byte,SHA256 match,not-executed,not-applicable,excluded,82d4c25eaecd8cb436d93ed01b3b490cea19ea308e8f42667cbc3ca1de6c6360,82d4c25eaecd8cb436d93ed01b3b490cea19ea308e8f42667cbc3ca1de6c6360,complete
sample-3dm,.3dm,tests/fixtures/sample.3dm,application/octet-stream,.3dm,,excluded,needs_review,pending,,external:https://raw.githubusercontent.com/iamahsanmehmood/sample-files/7354692a691e66380e6572c3a18e20ac99771f7d/3d-models/sample.3dm,exact-byte,SHA256 match,not-executed,True,excluded,e1284602ebe03cb7eb5b340681f26fb06e4137314a278e39332ffd9095d8fe84,e1284602ebe03cb7eb5b340681f26fb06e4137314a278e39332ffd9095d8fe84,missing
sample-3ds,.3ds,tests/fixtures/sample.3ds,image/x-3ds,.3ds,,excluded,needs_review,pending,,external:https://raw.githubusercontent.com/iamahsanmehmood/sample-files/7354692a691e66380e6572c3a18e20ac99771f7d/3d-models/sample.3ds,exact-byte,SHA256 match,not-executed,True,excluded,2e9954f1e6c6bad17c7101b813a15e549eab86a2efcb907725ddc373c4930e9d,2e9954f1e6c6bad17c7101b813a15e549eab86a2efcb907725ddc373c4930e9d,missing
sample-3g2,.3g2,tests/fixtures/sample.3g2,video/3gpp2,.3g2,,excluded,needs_review,pending,,external:https://raw.githubusercontent.com/iamahsanmehmood/sample-files/7354692a691e66380e6572c3a18e20ac99771f7d/video/sample.3g2,exact-byte,SHA256 match,not-executed,True,excluded,12a1f1f24663fa1a268147bc62fb308210ca954ff4af2c5d219eef4726f686d7,12a1f1f24663fa1a268147bc62fb308210ca954ff4af2c5d219eef4726f686d7,missing
sample-3mf,.3mf,tests/fixtures/sample.3mf,application/zip,.3mf,,excluded,needs_review,pending,,external:https://raw.githubusercontent.com/iamahsanmehmood/sample-files/7354692a691e66380e6572c3a18e20ac99771f7d/3d-models/sample.3mf,exact-byte,SHA256 match,not-executed,True,excluded,2b884192b91b9acf57cd52a0674b873482e7c3571e69e1179a1b1b08979351ec,2b884192b91b9acf57cd52a0674b873482e7c3571e69e1179a1b1b08979351ec,missing
sample-ac3,.ac3,tests/fixtures/sample.ac3,audio/vnd.dolby.dd-raw,.ac3,,excluded,needs_review,pending,,external:https://raw.githubusercontent.com/iamahsanmehmood/sample-files/7354692a691e66380e6572c3a18e20ac99771f7d/audio/sample.ac3,exact-byte,SHA256 match,not-executed,True,excluded,abd2dc1108f4bfa97c7b20fc5547d2ab56acaac4c8c8b2f3c80d99e56275648d,abd2dc1108f4bfa97c7b20fc5547d2ab56acaac4c8c8b2f3c80d99e56275648d,missing
sample-accdb,.accdb,tests/fixtures/sample.accdb,application/x-msaccess,.accdb,,excluded,needs_review,pending,,external:https://raw.githubusercontent.com/iamahsanmehmood/sample-files/7354692a691e66380e6572c3a18e20ac99771f7d/databases/sample.accdb,exact-byte,SHA256 match,not-executed,True,excluded,ea6065d2e01df9b05e0f805fc2d0c2da353f506d015748759d3c794a99cdfe9c,ea6065d2e01df9b05e0f805fc2d0c2da353f506d015748759d3c794a99cdfe9c,missing
sample-ace,.ace,tests/fixtures/sample.ace,text/plain,.ace,,excluded,needs_review,pending,,external:https://raw.githubusercontent.com/iamahsanmehmood/sample-files/7354692a691e66380e6572c3a18e20ac99771f7d/archives/sample.ace,exact-byte,SHA256 match,not-executed,True,excluded,675d78b663b77b18a6a59a6c8b5adb3db80259335390fa60b898be13f28f32f2,675d78b663b77b18a6a59a6c8b5adb3db80259335390fa60b898be13f28f32f2,missing
sample-acf,.acf,tests/fixtures/sample.acf,application/octet-stream,.acf,,excluded,needs_review,pending,,Downloaded from openpreserve/format-corpus (CC0),unclassified,SHA256 match,not-executed,not-applicable,excluded,fed4822121f7fca269c317e5fbefcafbb9f3ac836875567013c88c30424221c4,fed4822121f7fca269c317e5fbefcafbb9f3ac836875567013c88c30424221c4,missing
sample-adoc,.adoc,tests/fixtures/sample.adoc,text/x-script.python,.adoc,,excluded,needs_review,pending,,external:https://raw.githubusercontent.com/iamahsanmehmood/sample-files/7354692a691e66380e6572c3a18e20ac99771f7d/documents/sample.adoc,exact-byte,SHA256 match,not-executed,True,excluded,75065157f1689f102b75ff9c66708bd29333213f6cf0eb968f1e3e7b9d139809,75065157f1689f102b75ff9c66708bd29333213f6cf0eb968f1e3e7b9d139809,missing
sample-aif,.aif,tests/fixtures/sample.aif,audio/x-aiff,.aif,,excluded,needs_review,pending,,external:https://raw.githubusercontent.com/iamahsanmehmood/sample-files/7354692a691e66380e6572c3a18e20ac99771f7d/audio/sample.aif,exact-byte,SHA256 match,not-executed,True,excluded,ca409b39df1c91aec70a13d964ae8d726da1499c40732a97c19d3807ba4fad37,ca409b39df1c91aec70a13d964ae8d726da1499c40732a97c19d3807ba4fad37,missing
sample-amf,.amf,tests/fixtures/sample.amf,application/x-amf,.amf,,excluded,needs_review,pending,,external:https://raw.githubusercontent.com/iamahsanmehmood/sample-files/7354692a691e66380e6572c3a18e20ac99771f7d/3d-models/sample.amf,exact-byte,SHA256 match,not-executed,True,excluded,a6ff5ed04e141162c425ad98f28bac8d87c4deed12a03db767166611f59cde4d,a6ff5ed04e141162c425ad98f28bac8d87c4deed12a03db767166611f59cde4d,missing
sample-amr,.amr,tests/fixtures/sample.amr,audio/amr,.amr,,excluded,needs_review,pending,,external:https://raw.githubusercontent.com/iamahsanmehmood/sample-files/7354692a691e66380e6572c3a18e20ac99771f7d/audio/sample.amr,exact-byte,SHA256 match,not-executed,True,excluded,5c26f15a4c31b95635bff45ccc36e33155b3ff9ca391d60b72ba39efc4e041f5,5c26f15a4c31b95635bff45ccc36e33155b3ff9ca391d60b72ba39efc4e041f5,missing
sample-ani,.ani,tests/fixtures/sample.ani,application/x-navi-animation,.ani,,excluded,needs_review,pending,,external:https://raw.githubusercontent.com/iamahsanmehmood/sample-files/7354692a691e66380e6572c3a18e20ac99771f7d/images/sample.ani,exact-byte,SHA256 match,not-executed,True,excluded,d3375edb4388685a3ecb8cdb18ea30fa0cc51c848cd7214546df8e88eef2e43d,d3375edb4388685a3ecb8cdb18ea30fa0cc51c848cd7214546df8e88eef2e43d,missing
sample-apng,.apng,tests/fixtures/sample.apng,image/png,.apng,,excluded,needs_review,pending,,external:https://raw.githubusercontent.com/iamahsanmehmood/sample-files/7354692a691e66380e6572c3a18e20ac99771f7d/images/sample.apng,exact-byte,SHA256 match,not-executed,True,excluded,a90f716d836b7861c9bbdef962c7cad5457827a288e066bdd1f6d4ff86f5c2fd,a90f716d836b7861c9bbdef962c7cad5457827a288e066bdd1f6d4ff86f5c2fd,missing
sample-appx,.appx,tests/fixtures/sample.appx,application/zip,.appx,,excluded,needs_review,pending,,external:https://raw.githubusercontent.com/iamahsanmehmood/sample-files/7354692a691e66380e6572c3a18e20ac99771f7d/archives/sample.appx,exact-byte,SHA256 match,not-executed,True,excluded,c7c62d6dc423264ba696ae9477aeaeb70a1fac671dae178b2141fcb58bcf1112,c7c62d6dc423264ba696ae9477aeaeb70a1fac671dae178b2141fcb58bcf1112,missing
sample-arw,.arw,tests/fixtures/sample.arw,image/tiff,.arw,,excluded,needs_review,pending,,external:https://raw.githubusercontent.com/iamahsanmehmood/sample-files/7354692a691e66380e6572c3a18e20ac99771f7d/images/sample.arw,exact-byte,SHA256 match,not-executed,True,excluded,9ca86c3feb191f3522e21cb90b99877caffbb37d73d2db0c68401ab939619580,9ca86c3feb191f3522e21cb90b99877caffbb37d73d2db0c68401ab939619580,missing
sample-azw,.azw,tests/fixtures/sample.azw,application/octet-stream,.azw,,excluded,needs_review,pending,,external:https://raw.githubusercontent.com/iamahsanmehmood/sample-files/7354692a691e66380e6572c3a18e20ac99771f7d/ebooks/sample.azw,exact-byte,SHA256 match,not-executed,True,excluded,b62e3b22903c6fea4bdf50341295257cbac90154e73f7d610c44f7af09fb4240,b62e3b22903c6fea4bdf50341295257cbac90154e73f7d610c44f7af09fb4240,missing
sample-azw3,.azw3,tests/fixtures/sample.azw3,application/octet-stream,.azw3,,excluded,needs_review,pending,,generated:scripts.generators; tier=exact-byte,exact-byte,SHA256 match,not-executed,not-applicable,excluded,d5b33b840bec5518b0d6ce3953ed27f5f2bd05a91949d8a69a0b4cd5f4ea98a8,d5b33b840bec5518b0d6ce3953ed27f5f2bd05a91949d8a69a0b4cd5f4ea98a8,missing
sample-blend,.blend,tests/fixtures/sample.blend,application/octet-stream,.blend,,excluded,needs_review,pending,,external:https://raw.githubusercontent.com/iamahsanmehmood/sample-files/7354692a691e66380e6572c3a18e20ac99771f7d/3d-models/sample.blend,exact-byte,SHA256 match,not-executed,True,excluded,b5297d403a411866f885fb2e96b55f6a50be257cce59a15c4db10e706ec08c52,b5297d403a411866f885fb2e96b55f6a50be257cce59a15c4db10e706ec08c52,missing
sample-brep,.brep,tests/fixtures/sample.brep,text/plain,.brep,,excluded,needs_review,pending,,external:https://raw.githubusercontent.com/iamahsanmehmood/sample-files/7354692a691e66380e6572c3a18e20ac99771f7d/3d-models/sample.brep,exact-byte,SHA256 match,not-executed,True,excluded,e159c9f802986030c42e7b222d4555f8253877554fb0c84ddfa5083d9e5c2e0b,e159c9f802986030c42e7b222d4555f8253877554fb0c84ddfa5083d9e5c2e0b,missing
sample-bson,.bson,tests/fixtures/sample.bson,application/octet-stream,.bson,,excluded,needs_review,pending,,external:https://raw.githubusercontent.com/iamahsanmehmood/sample-files/7354692a691e66380e6572c3a18e20ac99771f7d/databases/sample.bson,exact-byte,SHA256 match,not-executed,True,excluded,b7c1bebfe879ed759d814bd16d627f9deb8683dc095f164f18859ea2bd0b0afa,b7c1bebfe879ed759d814bd16d627f9deb8683dc095f164f18859ea2bd0b0afa,missing
sample-btx,.btx,tests/fixtures/sample.btx,application/octet-stream,.btx,,excluded,needs_review,pending,,generated:scripts.generators; tier=exact-byte,exact-byte,SHA256 match,not-executed,not-applicable,excluded,9d5c3c6dfe1a18d5fe17692ddea022de2467228c35bd3329c631c0ab66354ae3,9d5c3c6dfe1a18d5fe17692ddea022de2467228c35bd3329c631c0ab66354ae3,missing
sample-caf,.caf,tests/fixtures/sample.caf,application/octet-stream,.caf,,excluded,needs_review,pending,,external:https://raw.githubusercontent.com/iamahsanmehmood/sample-files/7354692a691e66380e6572c3a18e20ac99771f7d/audio/sample.caf,exact-byte,SHA256 match,not-executed,True,excluded,cc748b3d6fa7fc1334ebfb7c156187487000fbf0e613ed90745e2f18ea15fa62,cc748b3d6fa7fc1334ebfb7c156187487000fbf0e613ed90745e2f18ea15fa62,missing
sample-cbor,.cbor,tests/fixtures/sample.cbor,application/octet-stream,.cbor,,excluded,needs_review,pending,,external:https://raw.githubusercontent.com/iamahsanmehmood/sample-files/7354692a691e66380e6572c3a18e20ac99771f7d/databases/sample.cbor,exact-byte,SHA256 match,not-executed,True,excluded,40a5158326f367d44f9fe2c42b7d5c8857a80aea57cf632ddc18db8360ca9d92,40a5158326f367d44f9fe2c42b7d5c8857a80aea57cf632ddc18db8360ca9d92,missing
sample-cbr,.cbr,tests/fixtures/sample.cbr,application/x-rar,.cbr,,excluded,needs_review,pending,,external:https://raw.githubusercontent.com/iamahsanmehmood/sample-files/7354692a691e66380e6572c3a18e20ac99771f7d/archives/sample.cbr,exact-byte,SHA256 match,not-executed,True,excluded,61048e8aea323c384ae89c9a22d8ad17e6576f078b06a3f55680a4c6d84bc4b5,61048e8aea323c384ae89c9a22d8ad17e6576f078b06a3f55680a4c6d84bc4b5,missing
sample-cbz,.cbz,tests/fixtures/sample.cbz,application/zip,.cbz,,excluded,needs_review,pending,,external:https://raw.githubusercontent.com/iamahsanmehmood/sample-files/7354692a691e66380e6572c3a18e20ac99771f7d/archives/sample.cbz,exact-byte,SHA256 match,not-executed,True,excluded,4ebc9a340f973c5e3367147cdcd6ded5d1fe6b7dd77423ac274db338a186a2f7,4ebc9a340f973c5e3367147cdcd6ded5d1fe6b7dd77423ac274db338a186a2f7,missing
sample-cdd,.cdd,tests/fixtures/sample.cdd,application/octet-stream,.cdd,,excluded,needs_review,pending,,generated:scripts.generators; tier=exact-byte,exact-byte,SHA256 match,not-executed,not-applicable,excluded,6c3e56735e603eee90653d8190b95d9137fdf313daeb3435f8fca56843b43e4e,6c3e56735e603eee90653d8190b95d9137fdf313daeb3435f8fca56843b43e4e,missing
sample-cdf,.cdf,tests/fixtures/sample.cdf,application/octet-stream,.cdf,,excluded,needs_review,pending,,external:https://raw.githubusercontent.com/iamahsanmehmood/sample-files/7354692a691e66380e6572c3a18e20ac99771f7d/scientific/sample.cdf,exact-byte,SHA256 match,not-executed,True,excluded,5dc6d0a519a1d56fa6fe6c40b687f94a4a58132fa7862a6731754f408b002917,5dc6d0a519a1d56fa6fe6c40b687f94a4a58132fa7862a6731754f408b002917,missing
sample-cfg,.cfg,tests/fixtures/sample.cfg,text/plain,.cfg,,excluded,needs_review,pending,,external:https://raw.githubusercontent.com/iamahsanmehmood/sample-files/7354692a691e66380e6572c3a18e20ac99771f7d/code/sample.cfg,exact-byte,SHA256 match,not-executed,True,excluded,f5050e2d0b9e9d8e7f3d6cf78118fe04433a1d4a25ccc9db844733ad55f8b3cd,f5050e2d0b9e9d8e7f3d6cf78118fe04433a1d4a25ccc9db844733ad55f8b3cd,missing
sample-cmd,.cmd,tests/fixtures/sample.cmd,text/x-msdos-batch,.cmd,,excluded,needs_review,pending,,external:https://raw.githubusercontent.com/iamahsanmehmood/sample-files/7354692a691e66380e6572c3a18e20ac99771f7d/code/sample.cmd,exact-byte,SHA256 match,not-executed,True,excluded,6e555cef645d363798c060f067c987ad223fe885c8e4521c06fe010759c6896a,6e555cef645d363798c060f067c987ad223fe885c8e4521c06fe010759c6896a,missing
sample-conf,.conf,tests/fixtures/sample.conf,text/plain,.conf,,excluded,needs_review,pending,,external:https://raw.githubusercontent.com/iamahsanmehmood/sample-files/7354692a691e66380e6572c3a18e20ac99771f7d/code/sample.conf,exact-byte,SHA256 match,not-executed,True,excluded,11c21cb9c53e61685ac2db497936e9be7cd282b80d114fb2d4faf3610d38d08d,11c21cb9c53e61685ac2db497936e9be7cd282b80d114fb2d4faf3610d38d08d,missing
sample-cpio,.cpio,tests/fixtures/sample.cpio,application/x-cpio,.cpio,,excluded,needs_review,pending,,external:https://raw.githubusercontent.com/iamahsanmehmood/sample-files/7354692a691e66380e6572c3a18e20ac99771f7d/archives/sample.cpio,exact-byte,SHA256 match,not-executed,True,excluded,15565447eb1cd64f5954d418d0f3f725ebcd745bcbb19ced400da096df07dc69,15565447eb1cd64f5954d418d0f3f725ebcd745bcbb19ced400da096df07dc69,missing
sample-cr,.cr,tests/fixtures/sample.cr,text/x-ruby,.cr,,excluded,needs_review,pending,,external:https://raw.githubusercontent.com/iamahsanmehmood/sample-files/7354692a691e66380e6572c3a18e20ac99771f7d/code/sample.cr,exact-byte,SHA256 match,not-executed,True,excluded,6ef94e284e21b98ee25560e0fd20c262bd939af078cfc0119bfb75a477d6e8f7,6ef94e284e21b98ee25560e0fd20c262bd939af078cfc0119bfb75a477d6e8f7,missing
sample-cr2,.cr2,tests/fixtures/sample.cr2,image/tiff,.cr2,,excluded,needs_review,pending,,external:https://raw.githubusercontent.com/iamahsanmehmood/sample-files/7354692a691e66380e6572c3a18e20ac99771f7d/images/sample.cr2,exact-byte,SHA256 match,not-executed,True,excluded,9ca86c3feb191f3522e21cb90b99877caffbb37d73d2db0c68401ab939619580,9ca86c3feb191f3522e21cb90b99877caffbb37d73d2db0c68401ab939619580,missing
sample-csr,.csr,tests/fixtures/sample.csr,text/plain,.csr,,excluded,needs_review,pending,,external:https://raw.githubusercontent.com/iamahsanmehmood/sample-files/7354692a691e66380e6572c3a18e20ac99771f7d/code/sample.csr,exact-byte,SHA256 match,not-executed,True,excluded,f665cc7959635df1d6c3e4c50f52db44ee9a9892b7fe5ca809dd28d922405151,f665cc7959635df1d6c3e4c50f52db44ee9a9892b7fe5ca809dd28d922405151,missing
sample-cur,.cur,tests/fixtures/sample.cur,image/x-win-bitmap,.cur,,excluded,needs_review,pending,,external:https://raw.githubusercontent.com/iamahsanmehmood/sample-files/7354692a691e66380e6572c3a18e20ac99771f7d/images/sample.cur,exact-byte,SHA256 match,not-executed,True,excluded,28ed2f8506f9d126da409e35233f2c3544b730d031faf03990c5c7c1e6e4febf,28ed2f8506f9d126da409e35233f2c3544b730d031faf03990c5c7c1e6e4febf,missing
sample-d,.d,tests/fixtures/sample.d,text/x-c,.d,,excluded,needs_review,pending,,external:https://raw.githubusercontent.com/iamahsanmehmood/sample-files/7354692a691e66380e6572c3a18e20ac99771f7d/code/sample.d,exact-byte,SHA256 match,not-executed,True,excluded,09c9017c186d997a359a75cb2ef464aa7ba2f47234de8d0d0e9110a2eb6e3e7d,09c9017c186d997a359a75cb2ef464aa7ba2f47234de8d0d0e9110a2eb6e3e7d,missing
sample-dae,.dae,tests/fixtures/sample.dae,model/vnd.collada+xml,.dae,,excluded,needs_review,pending,,external:https://raw.githubusercontent.com/iamahsanmehmood/sample-files/7354692a691e66380e6572c3a18e20ac99771f7d/3d-models/sample.dae,exact-byte,SHA256 match,not-executed,True,excluded,38605021863a631aeefb6742b9d7d31ec3e8d91c8eb102689e592312ef423e7e,38605021863a631aeefb6742b9d7d31ec3e8d91c8eb102689e592312ef423e7e,missing
sample-dbf,.dbf,tests/fixtures/sample.dbf,application/x-dbf,.dbf,,excluded,needs_review,pending,,Downloaded from openpreserve/format-corpus (CC0),unclassified,SHA256 match,not-executed,not-applicable,excluded,16003d63194fb9beb375bf0eeb6d4f94cb01e3eb2d1e50f81d2c4354ec2a5171,16003d63194fb9beb375bf0eeb6d4f94cb01e3eb2d1e50f81d2c4354ec2a5171,missing
sample-dds,.dds,tests/fixtures/sample.dds,application/octet-stream,.dds,,excluded,needs_review,pending,,external:https://raw.githubusercontent.com/iamahsanmehmood/sample-files/7354692a691e66380e6572c3a18e20ac99771f7d/images/sample.dds,exact-byte,SHA256 match,not-executed,True,excluded,cc853106693e20ce4afd18ef2cb4b204c04bb0fc6f5a00bdf0f990911b8bb535,cc853106693e20ce4afd18ef2cb4b204c04bb0fc6f5a00bdf0f990911b8bb535,missing
sample-dgn,.dgn,tests/fixtures/sample.dgn,text/plain,.dgn,,excluded,needs_review,pending,,external:https://raw.githubusercontent.com/iamahsanmehmood/sample-files/7354692a691e66380e6572c3a18e20ac99771f7d/cad/sample.dgn,exact-byte,SHA256 match,not-executed,True,excluded,694d08cd0f9265772026b99b1bd8613696e1bef2bf5b3f4cddf9946799367e6f,694d08cd0f9265772026b99b1bd8613696e1bef2bf5b3f4cddf9946799367e6f,missing
sample-divx,.divx,tests/fixtures/sample.divx,video/x-msvideo,.divx,,excluded,needs_review,pending,,external:https://raw.githubusercontent.com/iamahsanmehmood/sample-files/7354692a691e66380e6572c3a18e20ac99771f7d/video/sample.divx,exact-byte,SHA256 match,not-executed,True,excluded,2db728e1c948b96e2be0b2789aaff1b22c339e4f90f42b0c7f9eb43ea2730940,2db728e1c948b96e2be0b2789aaff1b22c339e4f90f42b0c7f9eb43ea2730940,missing
sample-djvu,.djvu,tests/fixtures/sample.djvu,image/vnd.djvu,.djvu,,excluded,needs_review,pending,,external:https://raw.githubusercontent.com/iamahsanmehmood/sample-files/7354692a691e66380e6572c3a18e20ac99771f7d/documents/sample.djvu,exact-byte,SHA256 match,not-executed,True,excluded,0c69e0ba49a3e04eab2df0612427b0db4fc965cffeeb9a24b4f339428ab6a05b,0c69e0ba49a3e04eab2df0612427b0db4fc965cffeeb9a24b4f339428ab6a05b,missing
sample-dng,.dng,tests/fixtures/sample.dng,image/tiff,.dng,,excluded,needs_review,pending,,external:https://raw.githubusercontent.com/iamahsanmehmood/sample-files/7354692a691e66380e6572c3a18e20ac99771f7d/images/sample.dng,exact-byte,SHA256 match,not-executed,True,excluded,9ca86c3feb191f3522e21cb90b99877caffbb37d73d2db0c68401ab939619580,9ca86c3feb191f3522e21cb90b99877caffbb37d73d2db0c68401ab939619580,missing
sample-dot,.dot,tests/fixtures/sample.dot,application/cdfv2,.dot,,excluded,needs_review,pending,,external:https://raw.githubusercontent.com/iamahsanmehmood/sample-files/7354692a691e66380e6572c3a18e20ac99771f7d/documents/sample.dot,exact-byte,SHA256 match,not-executed,True,excluded,a899fb4496afa7230c378d5be03cf3461990994993110fd2dad3257111081275,a899fb4496afa7230c378d5be03cf3461990994993110fd2dad3257111081275,missing
sample-dts,.dts,tests/fixtures/sample.dts,application/octet-stream,.dts,,excluded,needs_review,pending,,external:https://raw.githubusercontent.com/iamahsanmehmood/sample-files/7354692a691e66380e6572c3a18e20ac99771f7d/audio/sample.dts,exact-byte,SHA256 match,not-executed,True,excluded,2c5eb0c5c03d0ccd5d2f815ee5b32f92e2edca9e64e6885d08e72ee043a5d850,2c5eb0c5c03d0ccd5d2f815ee5b32f92e2edca9e64e6885d08e72ee043a5d850,missing
sample-e57,.e57,tests/fixtures/sample.e57,model/e57,.e57,,excluded,needs_review,pending,,external:https://raw.githubusercontent.com/iamahsanmehmood/sample-files/7354692a691e66380e6572c3a18e20ac99771f7d/3d-models/sample.e57,exact-byte,SHA256 match,not-executed,True,excluded,f715f0d9d1ce4054196787b514750c92a2184ebdcea98feeb2b245a6f833f2f9,f715f0d9d1ce4054196787b514750c92a2184ebdcea98feeb2b245a6f833f2f9,missing
sample-ear,.ear,tests/fixtures/sample.ear,application/zip,.ear,,excluded,needs_review,pending,,external:https://raw.githubusercontent.com/iamahsanmehmood/sample-files/7354692a691e66380e6572c3a18e20ac99771f7d/archives/sample.ear,exact-byte,SHA256 match,not-executed,True,excluded,1faa3ebcc496abef5fe75710573afc9ad21220dcf702e449935adcd6e2053c8c,1faa3ebcc496abef5fe75710573afc9ad21220dcf702e449935adcd6e2053c8c,missing
sample-egg,.egg,tests/fixtures/sample.egg,application/zip,.egg,,excluded,needs_review,pending,,external:https://raw.githubusercontent.com/iamahsanmehmood/sample-files/7354692a691e66380e6572c3a18e20ac99771f7d/archives/sample.egg,exact-byte,SHA256 match,not-executed,True,excluded,7bc0010ec4b7af7e5c3671b86aa15837482ee981215705b151d81759a262ad38,7bc0010ec4b7af7e5c3671b86aa15837482ee981215705b151d81759a262ad38,missing
sample-ejs,.ejs,tests/fixtures/sample.ejs,text/html,.ejs,,excluded,needs_review,pending,,external:https://raw.githubusercontent.com/iamahsanmehmood/sample-files/7354692a691e66380e6572c3a18e20ac99771f7d/code/sample.ejs,exact-byte,SHA256 match,not-executed,True,excluded,d3651bb6e0b434efd344fb61fdb78906760de63df976128e7c002d032e22e31a,d3651bb6e0b434efd344fb61fdb78906760de63df976128e7c002d032e22e31a,missing
sample-env,.env,tests/fixtures/sample.env,text/plain,.env,,excluded,needs_review,pending,,external:https://raw.githubusercontent.com/iamahsanmehmood/sample-files/7354692a691e66380e6572c3a18e20ac99771f7d/code/sample.env,exact-byte,SHA256 match,not-executed,True,excluded,85e1120a4565d5cfaa06b1a9361ff7ee0ac3b74536b0e8b05e1c7eae9612a5c1,85e1120a4565d5cfaa06b1a9361ff7ee0ac3b74536b0e8b05e1c7eae9612a5c1,missing
sample-exr,.exr,tests/fixtures/sample.exr,image/x-exr,.exr,,excluded,needs_review,pending,,external:https://raw.githubusercontent.com/iamahsanmehmood/sample-files/7354692a691e66380e6572c3a18e20ac99771f7d/images/sample.exr,exact-byte,SHA256 match,not-executed,True,excluded,f0aa99f759019268e1680f7d63735b0c0fb7788e4310ce716efcd00d8e40b85f,f0aa99f759019268e1680f7d63735b0c0fb7788e4310ce716efcd00d8e40b85f,missing
sample-f,.f,tests/fixtures/sample.f,text/x-fortran,.f,,excluded,needs_review,pending,,external:https://raw.githubusercontent.com/iamahsanmehmood/sample-files/7354692a691e66380e6572c3a18e20ac99771f7d/code/sample.f,exact-byte,SHA256 match,not-executed,True,excluded,99dbc28765ae00eab79420c92b56f98a884f5245d26f56cc025363c01b5ab14f,99dbc28765ae00eab79420c92b56f98a884f5245d26f56cc025363c01b5ab14f,missing
sample-f4v,.f4v,tests/fixtures/sample.f4v,video/x-flv,.f4v,,excluded,needs_review,pending,,external:https://raw.githubusercontent.com/iamahsanmehmood/sample-files/7354692a691e66380e6572c3a18e20ac99771f7d/video/sample.f4v,exact-byte,SHA256 match,not-executed,True,excluded,342dc91969a7c240fee432339a927be94076c026fff593c0b3636a09bed7e8bc,342dc91969a7c240fee432339a927be94076c026fff593c0b3636a09bed7e8bc,missing
sample-fasta,.fasta,tests/fixtures/sample.fasta,text/plain,.fasta,,excluded,needs_review,pending,,external:https://raw.githubusercontent.com/iamahsanmehmood/sample-files/7354692a691e66380e6572c3a18e20ac99771f7d/scientific/sample.fasta,exact-byte,SHA256 match,not-executed,True,excluded,8b40505b956bcc346fb02dee6b81b47f4a3b0fc5484546507fb881fa5ffd3a06,8b40505b956bcc346fb02dee6b81b47f4a3b0fc5484546507fb881fa5ffd3a06,missing
sample-fastq,.fastq,tests/fixtures/sample.fastq,text/plain,.fastq,,excluded,needs_review,pending,,external:https://raw.githubusercontent.com/iamahsanmehmood/sample-files/7354692a691e66380e6572c3a18e20ac99771f7d/scientific/sample.fastq,exact-byte,SHA256 match,not-executed,True,excluded,31068847fefb1dfed8e39b9e8055082653a8227ce7cbdc0b6b6ca6566cb5f67c,31068847fefb1dfed8e39b9e8055082653a8227ce7cbdc0b6b6ca6566cb5f67c,missing
sample-fb2,.fb2,tests/fixtures/sample.fb2,text/xml,.fb2,,excluded,needs_review,pending,,generated:scripts.generators; tier=exact-byte,exact-byte,SHA256 match,not-executed,not-applicable,excluded,071308cb16e8f602a2be2dd77660bdb6bf123ace7a272a7fcad956bc2f2939e4,071308cb16e8f602a2be2dd77660bdb6bf123ace7a272a7fcad956bc2f2939e4,missing
sample-fbx,.fbx,tests/fixtures/sample.fbx,application/octet-stream,.fbx,,excluded,needs_review,pending,,external:https://raw.githubusercontent.com/iamahsanmehmood/sample-files/7354692a691e66380e6572c3a18e20ac99771f7d/3d-models/sample.fbx,exact-byte,SHA256 match,not-executed,True,excluded,d33d3916c6da10f54e46cacf4a3fcee3ffcd1e2f9714d9f73ea346700a30c006,d33d3916c6da10f54e46cacf4a3fcee3ffcd1e2f9714d9f73ea346700a30c006,missing
sample-fft,.fft,tests/fixtures/sample.fft,application/octet-stream,.fft,,excluded,needs_review,pending,,Downloaded from openpreserve/format-corpus (CC0),unclassified,SHA256 match,not-executed,not-applicable,excluded,b966efbaa5453febd7b7964d18b71a9e3bf73932deec233b1f08ed9153a7f42d,b966efbaa5453febd7b7964d18b71a9e3bf73932deec233b1f08ed9153a7f42d,missing
sample-fits,.fits,tests/fixtures/sample.fits,image/fits,.fits,,excluded,needs_review,pending,,external:https://raw.githubusercontent.com/iamahsanmehmood/sample-files/7354692a691e66380e6572c3a18e20ac99771f7d/scientific/sample.fits,exact-byte,SHA256 match,not-executed,True,excluded,d5c60ba59134ebe7276d1b97c00f7bb59c13c12f364d65fd1927b90fd34ae558,d5c60ba59134ebe7276d1b97c00f7bb59c13c12f364d65fd1927b90fd34ae558,missing
sample-fs,.fs,tests/fixtures/sample.fs,text/plain,.fs,,excluded,needs_review,pending,,external:https://raw.githubusercontent.com/iamahsanmehmood/sample-files/7354692a691e66380e6572c3a18e20ac99771f7d/code/sample.fs,exact-byte,SHA256 match,not-executed,True,excluded,471fb52666861d42624dbf80ebf3bdcb8e41593bdd984d249c418a540ab88a1c,471fb52666861d42624dbf80ebf3bdcb8e41593bdd984d249c418a540ab88a1c,missing
sample-fsx,.fsx,tests/fixtures/sample.fsx,text/plain,.fsx,,excluded,needs_review,pending,,external:https://raw.githubusercontent.com/iamahsanmehmood/sample-files/7354692a691e66380e6572c3a18e20ac99771f7d/code/sample.fsx,exact-byte,SHA256 match,not-executed,True,excluded,413048ac4b02e8a0437c7b446776354b8bd38a1ddcfd0074869f06c82c2b772e,413048ac4b02e8a0437c7b446776354b8bd38a1ddcfd0074869f06c82c2b772e,missing
sample-gcode,.gcode,tests/fixtures/sample.gcode,text/plain,.gcode,,excluded,needs_review,pending,,external:https://raw.githubusercontent.com/iamahsanmehmood/sample-files/7354692a691e66380e6572c3a18e20ac99771f7d/3d-models/sample.gcode,exact-byte,SHA256 match,not-executed,True,excluded,b6f89658062ab1c83f58640cd471319c4d6a47eea7eb9ba9ee5c0ac17afc95de,b6f89658062ab1c83f58640cd471319c4d6a47eea7eb9ba9ee5c0ac17afc95de,missing
sample-gem,.gem,tests/fixtures/sample.gem,application/x-tar,.gem,,excluded,needs_review,pending,,external:https://raw.githubusercontent.com/iamahsanmehmood/sample-files/7354692a691e66380e6572c3a18e20ac99771f7d/archives/sample.gem,exact-byte,SHA256 match,not-executed,True,excluded,ddde9a8ecfc9afeb934c8cc3110685f12563408ffbfaf5b2ae5e92936a95cdcc,ddde9a8ecfc9afeb934c8cc3110685f12563408ffbfaf5b2ae5e92936a95cdcc,missing
sample-geojson,.geojson,tests/fixtures/sample.geojson,application/json,.geojson,,excluded,needs_review,pending,,external:https://raw.githubusercontent.com/iamahsanmehmood/sample-files/7354692a691e66380e6572c3a18e20ac99771f7d/gis/sample.geojson,exact-byte,SHA256 match,not-executed,True,excluded,4971f86f4378f03dc212c3c90e199d0f4595efbbee09d43ce8a6c0a9a7bcfe53,4971f86f4378f03dc212c3c90e199d0f4595efbbee09d43ce8a6c0a9a7bcfe53,missing
sample-glb,.glb,tests/fixtures/sample.glb,model/gltf-binary,.glb,,excluded,needs_review,pending,,external:https://raw.githubusercontent.com/iamahsanmehmood/sample-files/7354692a691e66380e6572c3a18e20ac99771f7d/3d-models/sample.glb,exact-byte,SHA256 match,not-executed,True,excluded,a0bfae36783b3d4d9c5a09428f10c2f1f1ca2e0916a7efdd946c09e913d56596,a0bfae36783b3d4d9c5a09428f10c2f1f1ca2e0916a7efdd946c09e913d56596,missing
sample-gltf,.gltf,tests/fixtures/sample.gltf,application/json,.gltf,,excluded,needs_review,pending,,external:https://raw.githubusercontent.com/iamahsanmehmood/sample-files/7354692a691e66380e6572c3a18e20ac99771f7d/3d-models/sample.gltf,exact-byte,SHA256 match,not-executed,True,excluded,09103a64772d2e4444e6d9535c0372ccf39019d0c3d492114cf115a0349bd6a8,09103a64772d2e4444e6d9535c0372ccf39019d0c3d492114cf115a0349bd6a8,missing
sample-gml,.gml,tests/fixtures/sample.gml,text/xml,.gml,,excluded,needs_review,pending,,external:https://raw.githubusercontent.com/iamahsanmehmood/sample-files/7354692a691e66380e6572c3a18e20ac99771f7d/gis/sample.gml,exact-byte,SHA256 match,not-executed,True,excluded,613f391d2d4375383f9612ac5a874a67e3f1b4a97176c401cf8a5e694d5575dc,613f391d2d4375383f9612ac5a874a67e3f1b4a97176c401cf8a5e694d5575dc,missing
sample-graphql,.graphql,tests/fixtures/sample.graphql,text/plain,.graphql,,excluded,needs_review,pending,,external:https://raw.githubusercontent.com/iamahsanmehmood/sample-files/7354692a691e66380e6572c3a18e20ac99771f7d/code/sample.graphql,exact-byte,SHA256 match,not-executed,True,excluded,78ca79bfa778c75e6cef6c9aa8ad4bc74359fd89ed30e795349c7e8ba9c4e15a,78ca79bfa778c75e6cef6c9aa8ad4bc74359fd89ed30e795349c7e8ba9c4e15a,missing
sample-gsm,.gsm,tests/fixtures/sample.gsm,application/octet-stream,.gsm,,excluded,needs_review,pending,,external:https://raw.githubusercontent.com/iamahsanmehmood/sample-files/7354692a691e66380e6572c3a18e20ac99771f7d/audio/sample.gsm,exact-byte,SHA256 match,not-executed,True,excluded,382c9856d8bb588db4b71edd38b98d8eb312db0eddb1ea9e5c9bc2c48a61e026,382c9856d8bb588db4b71edd38b98d8eb312db0eddb1ea9e5c9bc2c48a61e026,missing
sample-har,.har,tests/fixtures/sample.har,application/json,.har,,excluded,needs_review,pending,,external:https://raw.githubusercontent.com/iamahsanmehmood/sample-files/7354692a691e66380e6572c3a18e20ac99771f7d/code/sample.har,exact-byte,SHA256 match,not-executed,True,excluded,0ee148a47ff8c297d52b23ba476138e19864303c144dd559351db5ae640e371d,0ee148a47ff8c297d52b23ba476138e19864303c144dd559351db5ae640e371d,missing
sample-hdr,.hdr,tests/fixtures/sample.hdr,application/octet-stream,.hdr,,excluded,needs_review,pending,,external:https://raw.githubusercontent.com/iamahsanmehmood/sample-files/7354692a691e66380e6572c3a18e20ac99771f7d/images/sample.hdr,exact-byte,SHA256 match,not-executed,True,excluded,135a556b83e6ec004c8ceaf2cd65ff10167c43864bcfa03641864e88aa786538,135a556b83e6ec004c8ceaf2cd65ff10167c43864bcfa03641864e88aa786538,missing
sample-hp2,.hp2,tests/fixtures/sample.hp2,text/plain,.hp2,,excluded,needs_review,pending,,external:https://raw.githubusercontent.com/iamahsanmehmood/sample-files/7354692a691e66380e6572c3a18e20ac99771f7d/cad/sample.hp2,exact-byte,SHA256 match,not-executed,True,excluded,6654e977c6ac733ea7cbf2c4f4edf81b86ddf9ed01f835776b693f9db820b989,6654e977c6ac733ea7cbf2c4f4edf81b86ddf9ed01f835776b693f9db820b989,missing
sample-hpgl,.hpgl,tests/fixtures/sample.hpgl,text/plain,.hpgl,,excluded,needs_review,pending,,external:https://raw.githubusercontent.com/iamahsanmehmood/sample-files/7354692a691e66380e6572c3a18e20ac99771f7d/cad/sample.hpgl,exact-byte,SHA256 match,not-executed,True,excluded,d91823175adced6b4634b1cd87e9c48f9f734cf28ce8e0194e614838622cc193,d91823175adced6b4634b1cd87e9c48f9f734cf28ce8e0194e614838622cc193,missing
sample-iba,.iba,tests/fixtures/sample.iba,application/zip,.iba,,excluded,needs_review,pending,,generated:scripts.generators; tier=exact-byte,exact-byte,SHA256 match,not-executed,not-applicable,excluded,04b76f2780b833da51894ec72ac1f4f3f2a8e76690932822ecab686fef18ae46,04b76f2780b833da51894ec72ac1f4f3f2a8e76690932822ecab686fef18ae46,missing
sample-ibooks,.ibooks,tests/fixtures/sample.ibooks,application/zip,.ibooks,,excluded,needs_review,pending,,generated:scripts.generators; tier=exact-byte,exact-byte,SHA256 match,not-executed,not-applicable,excluded,7347817cb92fd42ce883f9fb32d8ac944a3861d7ec8d1abd64ed592c29ff0a5a,7347817cb92fd42ce883f9fb32d8ac944a3861d7ec8d1abd64ed592c29ff0a5a,missing
sample-ifc,.ifc,tests/fixtures/sample.ifc,text/plain,.ifc,,excluded,needs_review,pending,,external:https://raw.githubusercontent.com/iamahsanmehmood/sample-files/7354692a691e66380e6572c3a18e20ac99771f7d/3d-models/sample.ifc,exact-byte,SHA256 match,not-executed,True,excluded,b555f296db12db95a4a1ed8fdc0c722026b5f7ab0e9e462ea468190474f1ead4,b555f296db12db95a4a1ed8fdc0c722026b5f7ab0e9e462ea468190474f1ead4,missing
sample-iges,.iges,tests/fixtures/sample.iges,text/plain,.iges,,excluded,needs_review,pending,,external:https://raw.githubusercontent.com/iamahsanmehmood/sample-files/7354692a691e66380e6572c3a18e20ac99771f7d/3d-models/sample.iges,exact-byte,SHA256 match,not-executed,True,excluded,be1254354f6929a08ce1c8049d4a0a2f4406da4ea283fc4247d009c81976641c,be1254354f6929a08ce1c8049d4a0a2f4406da4ea283fc4247d009c81976641c,missing
sample-igs,.igs,tests/fixtures/sample.igs,text/plain,.igs,,excluded,needs_review,pending,,external:https://raw.githubusercontent.com/iamahsanmehmood/sample-files/7354692a691e66380e6572c3a18e20ac99771f7d/3d-models/sample.igs,exact-byte,SHA256 match,not-executed,True,excluded,7ff544c6386e7b57e21adf7c70dcd165b22c405db473597ee535c9363c20ca21,7ff544c6386e7b57e21adf7c70dcd165b22c405db473597ee535c9363c20ca21,missing
sample-img,.img,tests/fixtures/sample.img,application/x-apple-diskimage,.img,,excluded,needs_review,pending,,generated:scripts.generators; tier=exact-byte,exact-byte,SHA256 match,not-executed,not-applicable,excluded,039713487932afa67bd3c024e4d6284aac5548092d8b9b19be8faff30cb3eec2,039713487932afa67bd3c024e4d6284aac5548092d8b9b19be8faff30cb3eec2,missing
sample-indd,.indd,tests/fixtures/sample.indd,application/octet-stream,.indd,,excluded,needs_review,pending,,generated:scripts.generators; tier=exact-byte,exact-byte,SHA256 match,not-executed,not-applicable,excluded,8f206d618c0161cfddf4c18aa3932ed99d9e500bf1260c2551e316b12a4e3ed2,8f206d618c0161cfddf4c18aa3932ed99d9e500bf1260c2551e316b12a4e3ed2,missing
sample-inf,.inf,tests/fixtures/sample.inf,application/x-setupscript,.inf,,excluded,needs_review,pending,,external:https://raw.githubusercontent.com/iamahsanmehmood/sample-files/7354692a691e66380e6572c3a18e20ac99771f7d/code/sample.inf,exact-byte,SHA256 match,not-executed,True,excluded,1f7349460570e949dcc6aca6507be963092f15ab4e41e812cf099e8087a4cdb8,1f7349460570e949dcc6aca6507be963092f15ab4e41e812cf099e8087a4cdb8,missing
sample-ipa,.ipa,tests/fixtures/sample.ipa,application/x-ios-app,.ipa,,excluded,needs_review,pending,,external:https://raw.githubusercontent.com/iamahsanmehmood/sample-files/7354692a691e66380e6572c3a18e20ac99771f7d/archives/sample.ipa,exact-byte,SHA256 match,not-executed,True,excluded,8cd94ab1de2077b259fb1062210e0dea46fd03e72dfd8ba78a18e4c24c186eb2,8cd94ab1de2077b259fb1062210e0dea46fd03e72dfd8ba78a18e4c24c186eb2,missing
sample-jfif,.jfif,tests/fixtures/sample.jfif,image/jpeg,.jfif,,excluded,needs_review,pending,,external:https://raw.githubusercontent.com/iamahsanmehmood/sample-files/7354692a691e66380e6572c3a18e20ac99771f7d/images/sample.jfif,exact-byte,SHA256 match,not-executed,True,excluded,f5d7f8a7694665a8885c182b48591367b1176de731a0e28031cd7b0714314245,f5d7f8a7694665a8885c182b48591367b1176de731a0e28031cd7b0714314245,missing
sample-jpe,.jpe,tests/fixtures/sample.jpe,image/jpeg,.jpe,,excluded,needs_review,pending,,external:https://raw.githubusercontent.com/iamahsanmehmood/sample-files/7354692a691e66380e6572c3a18e20ac99771f7d/images/sample.jpe,exact-byte,SHA256 match,not-executed,True,excluded,f5d7f8a7694665a8885c182b48591367b1176de731a0e28031cd7b0714314245,f5d7f8a7694665a8885c182b48591367b1176de731a0e28031cd7b0714314245,missing
sample-jpf,.jpf,tests/fixtures/sample.jpf,image/jp2,.jpf,,excluded,needs_review,pending,,generated:scripts.generators; tier=exact-byte,exact-byte,SHA256 match,not-executed,not-applicable,excluded,32221f9ed637e9aeafb173836544c140b49639a186e7c8bb9f3a59978d691e1b,32221f9ed637e9aeafb173836544c140b49639a186e7c8bb9f3a59978d691e1b,missing
sample-key,.key,tests/fixtures/sample.key,application/zip,.key,,excluded,needs_review,pending,,external:https://raw.githubusercontent.com/iamahsanmehmood/sample-files/7354692a691e66380e6572c3a18e20ac99771f7d/documents/sample.key,exact-byte,SHA256 match,not-executed,True,excluded,a892553aefc5f73a615a5aec0e171fe0e3d4764702a01d19508d6c099041e7a0,a892553aefc5f73a615a5aec0e171fe0e3d4764702a01d19508d6c099041e7a0,missing
sample-kml,.kml,tests/fixtures/sample.kml,text/xml,.kml,,excluded,needs_review,pending,,external:https://raw.githubusercontent.com/iamahsanmehmood/sample-files/7354692a691e66380e6572c3a18e20ac99771f7d/gis/sample.kml,exact-byte,SHA256 match,not-executed,True,excluded,b66f3b99cc4d04c683c1cee8d390b862f9698977e2ec1098956d0c1da3f2405a,b66f3b99cc4d04c683c1cee8d390b862f9698977e2ec1098956d0c1da3f2405a,missing
sample-kmz,.kmz,tests/fixtures/sample.kmz,application/zip,.kmz,,excluded,needs_review,pending,,external:https://raw.githubusercontent.com/iamahsanmehmood/sample-files/7354692a691e66380e6572c3a18e20ac99771f7d/gis/sample.kmz,exact-byte,SHA256 match,not-executed,True,excluded,734bda1dcb204c3618e67c63654189044dced60509a938434541854000093d01,734bda1dcb204c3618e67c63654189044dced60509a938434541854000093d01,missing
sample-less,.less,tests/fixtures/sample.less,text/plain,.less,,excluded,needs_review,pending,,external:https://raw.githubusercontent.com/iamahsanmehmood/sample-files/7354692a691e66380e6572c3a18e20ac99771f7d/code/sample.less,exact-byte,SHA256 match,not-executed,True,excluded,01d7e7f99b2a760b5e9de51c72ac1d158bc0169508e153103a2f5383f43c8d2e,01d7e7f99b2a760b5e9de51c72ac1d158bc0169508e153103a2f5383f43c8d2e,missing
sample-lit,.lit,tests/fixtures/sample.lit,application/x-ms-reader,.lit,,excluded,needs_review,pending,,external:https://raw.githubusercontent.com/iamahsanmehmood/sample-files/7354692a691e66380e6572c3a18e20ac99771f7d/ebooks/sample.lit,exact-byte,SHA256 match,not-executed,True,excluded,84251c82ec5192c92a20abe361892ff56fa52396894d9da4dd32d6505b24c035,84251c82ec5192c92a20abe361892ff56fa52396894d9da4dd32d6505b24c035,missing
sample-log,.log,tests/fixtures/sample.log,text/plain,.log,,excluded,needs_review,pending,,Downloaded from openpreserve/format-corpus (CC0),unclassified,SHA256 match,not-executed,not-applicable,excluded,e1e59d06bb8ea954f0c435ccc830facafd917e90f922e1d3d23666244d958404,e1e59d06bb8ea954f0c435ccc830facafd917e90f922e1d3d23666244d958404,missing
sample-lwo,.lwo,tests/fixtures/sample.lwo,application/octet-stream,.lwo,,excluded,needs_review,pending,,external:https://raw.githubusercontent.com/iamahsanmehmood/sample-files/7354692a691e66380e6572c3a18e20ac99771f7d/3d-models/sample.lwo,exact-byte,SHA256 match,not-executed,True,excluded,575800250820b853d4f730d13e513dae0c5d947dd74751a03af31dd54cac2b9e,575800250820b853d4f730d13e513dae0c5d947dd74751a03af31dd54cac2b9e,missing
sample-lzma,.lzma,tests/fixtures/sample.lzma,application/octet-stream,.lzma,,excluded,needs_review,pending,,external:https://raw.githubusercontent.com/iamahsanmehmood/sample-files/7354692a691e66380e6572c3a18e20ac99771f7d/archives/sample.lzma,exact-byte,SHA256 match,not-executed,True,excluded,10c901e04b352d5ed64b4c7a38f743e5171785d792180801ca3e42395cc5a14e,10c901e04b352d5ed64b4c7a38f743e5171785d792180801ca3e42395cc5a14e,missing
sample-m2ts,.m2ts,tests/fixtures/sample.m2ts,application/octet-stream,.m2ts,,excluded,needs_review,pending,,external:https://raw.githubusercontent.com/iamahsanmehmood/sample-files/7354692a691e66380e6572c3a18e20ac99771f7d/video/sample.m2ts,exact-byte,SHA256 match,not-executed,True,excluded,d02a1f2ce0394e0b9d7c9aba55b6826f826ee67cc612bd73cc622b77413fa665,d02a1f2ce0394e0b9d7c9aba55b6826f826ee67cc612bd73cc622b77413fa665,missing
sample-m4a,.m4a,tests/fixtures/sample.m4a,audio/x-m4a,.m4a,,excluded,needs_review,pending,,external:https://raw.githubusercontent.com/iamahsanmehmood/sample-files/7354692a691e66380e6572c3a18e20ac99771f7d/audio/sample.m4a,exact-byte,SHA256 match,not-executed,True,excluded,38571787cbe445f0d59c5822dea03d969794ac6580470279a1e7c8cea2b18e3b,38571787cbe445f0d59c5822dea03d969794ac6580470279a1e7c8cea2b18e3b,missing
sample-m4v,.m4v,tests/fixtures/sample.m4v,video/x-m4v,.m4v,,excluded,needs_review,pending,,external:https://raw.githubusercontent.com/iamahsanmehmood/sample-files/7354692a691e66380e6572c3a18e20ac99771f7d/video/sample.m4v,exact-byte,SHA256 match,not-executed,True,excluded,02c861ecf18666a2be2632f70b910d1a494aeb1fcaee0d95c5d91c21ae174250,02c861ecf18666a2be2632f70b910d1a494aeb1fcaee0d95c5d91c21ae174250,missing
sample-map,.map,tests/fixtures/sample.map,application/octet-stream,.map,,excluded,needs_review,pending,,generated:scripts.generators; tier=exact-byte,exact-byte,SHA256 match,not-executed,not-applicable,excluded,58d649268c4bc5b524a9de1a876b5d9b1edfe13b6935d9062500a48538d42b75,58d649268c4bc5b524a9de1a876b5d9b1edfe13b6935d9062500a48538d42b75,missing
sample-mat,.mat,tests/fixtures/sample.mat,application/x-matlab-data,.mat,,excluded,needs_review,pending,,external:https://raw.githubusercontent.com/iamahsanmehmood/sample-files/7354692a691e66380e6572c3a18e20ac99771f7d/scientific/sample.mat,exact-byte,SHA256 match,not-executed,True,excluded,a44694bc78de0e1f2c20825d6c0c451fadd41194537a28defe9ff91cfc8fb3fe,a44694bc78de0e1f2c20825d6c0c451fadd41194537a28defe9ff91cfc8fb3fe,missing
sample-mbox,.mbox,tests/fixtures/sample.mbox,text/plain,.mbox,,excluded,needs_review,pending,,external:https://raw.githubusercontent.com/iamahsanmehmood/sample-files/7354692a691e66380e6572c3a18e20ac99771f7d/email/sample.mbox,exact-byte,SHA256 match,not-executed,True,excluded,33c63c366e27b3962339579e4fc4a69581b7496b8fe096de6c8df74c47a4d1ce,33c63c366e27b3962339579e4fc4a69581b7496b8fe096de6c8df74c47a4d1ce,missing
sample-mdb,.mdb,tests/fixtures/sample.mdb,application/x-msaccess,.mdb,,excluded,needs_review,pending,,generated:scripts.generators; tier=exact-byte,exact-byte,SHA256 match,not-executed,not-applicable,excluded,e8eb5378c25475788df62a6c585cba5845d7d4ec6e03e435934eb9c33906dcc5,e8eb5378c25475788df62a6c585cba5845d7d4ec6e03e435934eb9c33906dcc5,missing
sample-mj2,.mj2,tests/fixtures/sample.mj2,video/mj2,.mj2,,excluded,needs_review,pending,,generated:scripts.generators; tier=exact-byte,exact-byte,SHA256 match,not-executed,not-applicable,excluded,07536fca40528bc4f72d52668ea1ca66967f09ec150d13d3858d8a43d81aaf60,07536fca40528bc4f72d52668ea1ca66967f09ec150d13d3858d8a43d81aaf60,missing
sample-mk,.mk,tests/fixtures/sample.mk,text/x-makefile,.mk,,excluded,needs_review,pending,,external:https://raw.githubusercontent.com/iamahsanmehmood/sample-files/7354692a691e66380e6572c3a18e20ac99771f7d/code/sample.mk,exact-byte,SHA256 match,not-executed,True,excluded,8b1eceddabeab763e9961a1029b714f5898d0d117438430aa0bcf8914d3c9d7e,8b1eceddabeab763e9961a1029b714f5898d0d117438430aa0bcf8914d3c9d7e,missing
sample-mka,.mka,tests/fixtures/sample.mka,video/x-matroska,.mka,,excluded,needs_review,pending,,external:https://raw.githubusercontent.com/iamahsanmehmood/sample-files/7354692a691e66380e6572c3a18e20ac99771f7d/audio/sample.mka,exact-byte,SHA256 match,not-executed,True,excluded,6b919390f7e4cc44e2fc277d9fe36b9fa3db4f1e53fdad4cf909b98337898623,6b919390f7e4cc44e2fc277d9fe36b9fa3db4f1e53fdad4cf909b98337898623,missing
sample-mmp,.mmp,tests/fixtures/sample.mmp,application/octet-stream,.mmp,,excluded,needs_review,pending,,generated:scripts.generators; tier=exact-byte,exact-byte,SHA256 match,not-executed,not-applicable,excluded,d4c26c340106ec1641431f32066f7ab135a9e84b2b9700b565b1d45f3ece4514,d4c26c340106ec1641431f32066f7ab135a9e84b2b9700b565b1d45f3ece4514,missing
sample-mobi,.mobi,tests/fixtures/sample.mobi,application/octet-stream,.mobi,,excluded,needs_review,pending,,Downloaded from openpreserve/format-corpus (CC0),unclassified,SHA256 match,not-executed,not-applicable,excluded,b62e3b22903c6fea4bdf50341295257cbac90154e73f7d610c44f7af09fb4240,b62e3b22903c6fea4bdf50341295257cbac90154e73f7d610c44f7af09fb4240,missing
sample-mol,.mol,tests/fixtures/sample.mol,text/plain,.mol,,excluded,needs_review,pending,,external:https://raw.githubusercontent.com/iamahsanmehmood/sample-files/7354692a691e66380e6572c3a18e20ac99771f7d/scientific/sample.mol,exact-byte,SHA256 match,not-executed,True,excluded,51e7cdc1d1322f919b23a14ad324c49771d335de1b5332f3e83f35dfc0f55f39,51e7cdc1d1322f919b23a14ad324c49771d335de1b5332f3e83f35dfc0f55f39,missing
sample-mol2,.mol2,tests/fixtures/sample.mol2,text/plain,.mol2,,excluded,needs_review,pending,,external:https://raw.githubusercontent.com/iamahsanmehmood/sample-files/7354692a691e66380e6572c3a18e20ac99771f7d/scientific/sample.mol2,exact-byte,SHA256 match,not-executed,True,excluded,23d36f0c0d81ad747ff535a9b758630ad8d58ec6a2147a89fe6329d44e1f8832,23d36f0c0d81ad747ff535a9b758630ad8d58ec6a2147a89fe6329d44e1f8832,missing
sample-mpeg,.mpeg,tests/fixtures/sample.mpeg,video/mpeg,.mpeg,,excluded,needs_review,pending,,external:https://raw.githubusercontent.com/iamahsanmehmood/sample-files/7354692a691e66380e6572c3a18e20ac99771f7d/video/sample.mpeg,exact-byte,SHA256 match,not-executed,True,excluded,e98fdee9f7b4662c0904386b51b374aa15a656f8c8ef58391e870aa0b93ad2ec,e98fdee9f7b4662c0904386b51b374aa15a656f8c8ef58391e870aa0b93ad2ec,missing
sample-mpg,.mpg,tests/fixtures/sample.mpg,video/mpeg,.mpg,,excluded,needs_review,pending,,external:https://raw.githubusercontent.com/iamahsanmehmood/sample-files/7354692a691e66380e6572c3a18e20ac99771f7d/video/sample.mpg,exact-byte,SHA256 match,not-executed,True,excluded,1fe7f4e951fdc118ba7b77ec3058f82930b3f20a10ad64d950bc449878a4d298,1fe7f4e951fdc118ba7b77ec3058f82930b3f20a10ad64d950bc449878a4d298,missing
sample-msg,.msg,tests/fixtures/sample.msg,application/cdfv2,.msg,,excluded,needs_review,pending,,external:https://raw.githubusercontent.com/iamahsanmehmood/sample-files/7354692a691e66380e6572c3a18e20ac99771f7d/email/sample.msg,exact-byte,SHA256 match,not-executed,True,excluded,a899fb4496afa7230c378d5be03cf3461990994993110fd2dad3257111081275,a899fb4496afa7230c378d5be03cf3461990994993110fd2dad3257111081275,missing
sample-msgpack,.msgpack,tests/fixtures/sample.msgpack,text/plain,.msgpack,,excluded,needs_review,pending,,external:https://raw.githubusercontent.com/iamahsanmehmood/sample-files/7354692a691e66380e6572c3a18e20ac99771f7d/databases/sample.msgpack,exact-byte,SHA256 match,not-executed,True,excluded,aa511bb9ce9ada7ee01982dc2082932d9a81483e405f7efa281de19e4d7f6eec,aa511bb9ce9ada7ee01982dc2082932d9a81483e405f7efa281de19e4d7f6eec,missing
sample-msix,.msix,tests/fixtures/sample.msix,application/zip,.msix,,excluded,needs_review,pending,,external:https://raw.githubusercontent.com/iamahsanmehmood/sample-files/7354692a691e66380e6572c3a18e20ac99771f7d/archives/sample.msix,exact-byte,SHA256 match,not-executed,True,excluded,12d36f75acfa8b9a0efa8375590f045564d1ec5fb4f27ab78aca453dee0c154a,12d36f75acfa8b9a0efa8375590f045564d1ec5fb4f27ab78aca453dee0c154a,missing
sample-mtl,.mtl,tests/fixtures/sample.mtl,text/plain,.mtl,,excluded,needs_review,pending,,external:https://raw.githubusercontent.com/iamahsanmehmood/sample-files/7354692a691e66380e6572c3a18e20ac99771f7d/3d-models/sample.mtl,exact-byte,SHA256 match,not-executed,True,excluded,a3e452575507ac3a4c835f69b58a664eb1f571e9b75f544272d11d3a8e231ccf,a3e452575507ac3a4c835f69b58a664eb1f571e9b75f544272d11d3a8e231ccf,missing
sample-nc,.nc,tests/fixtures/sample.nc,application/x-hdf5,.nc,,excluded,needs_review,pending,,external:https://raw.githubusercontent.com/iamahsanmehmood/sample-files/7354692a691e66380e6572c3a18e20ac99771f7d/scientific/sample.nc,exact-byte,SHA256 match,not-executed,True,excluded,52934aaa3d5f56ef8c50b345e5a8a0887e7e7f44a5696b59d7003f62473c5d81,52934aaa3d5f56ef8c50b345e5a8a0887e7e7f44a5696b59d7003f62473c5d81,missing
sample-ndjson,.ndjson,tests/fixtures/sample.ndjson,application/json,.ndjson,,excluded,needs_review,pending,,external:https://raw.githubusercontent.com/iamahsanmehmood/sample-files/7354692a691e66380e6572c3a18e20ac99771f7d/code/sample.ndjson,exact-byte,SHA256 match,not-executed,True,excluded,cce5c89bb3077f9c7a260e230605780056e1d1e7af4748227d44f0dea0f9a5d7,cce5c89bb3077f9c7a260e230605780056e1d1e7af4748227d44f0dea0f9a5d7,missing
sample-nef,.nef,tests/fixtures/sample.nef,image/tiff,.nef,,excluded,needs_review,pending,,external:https://raw.githubusercontent.com/iamahsanmehmood/sample-files/7354692a691e66380e6572c3a18e20ac99771f7d/images/sample.nef,exact-byte,SHA256 match,not-executed,True,excluded,9ca86c3feb191f3522e21cb90b99877caffbb37d73d2db0c68401ab939619580,9ca86c3feb191f3522e21cb90b99877caffbb37d73d2db0c68401ab939619580,missing
sample-nginx,.nginx,tests/fixtures/sample.nginx,text/plain,.nginx,,excluded,needs_review,pending,,external:https://raw.githubusercontent.com/iamahsanmehmood/sample-files/7354692a691e66380e6572c3a18e20ac99771f7d/code/sample.nginx,exact-byte,SHA256 match,not-executed,True,excluded,4844b3cedf29e5a1f64f7f377c85f738263b21a97a11a602407e2fe09473c6af,4844b3cedf29e5a1f64f7f377c85f738263b21a97a11a602407e2fe09473c6af,missing
sample-nii,.nii,tests/fixtures/sample.nii,application/octet-stream,.nii,,excluded,needs_review,pending,,external:https://raw.githubusercontent.com/iamahsanmehmood/sample-files/7354692a691e66380e6572c3a18e20ac99771f7d/scientific/sample.nii,exact-byte,SHA256 match,not-executed,True,excluded,67826e80bc0a0c04a81ae21e4b4f75d263549508bd50f2c84a9716748819a544,67826e80bc0a0c04a81ae21e4b4f75d263549508bd50f2c84a9716748819a544,missing
sample-nim,.nim,tests/fixtures/sample.nim,text/plain,.nim,,excluded,needs_review,pending,,external:https://raw.githubusercontent.com/iamahsanmehmood/sample-files/7354692a691e66380e6572c3a18e20ac99771f7d/code/sample.nim,exact-byte,SHA256 match,not-executed,True,excluded,d1f9e284cc2572f42a2d4c1fc339c2ec09de19b93763ce2e79fd8a20c06f56e7,d1f9e284cc2572f42a2d4c1fc339c2ec09de19b93763ce2e79fd8a20c06f56e7,missing
sample-nmind,.nmind,tests/fixtures/sample.nmind,application/gzip,.nmind,,excluded,needs_review,pending,,generated:scripts.generators; tier=exact-byte,exact-byte,SHA256 match,not-executed,not-applicable,excluded,429115af86a2da15bdfd3c28099726516c04496aa2e4e5389c5dc6b0cb723419,429115af86a2da15bdfd3c28099726516c04496aa2e4e5389c5dc6b0cb723419,missing
sample-numbers,.numbers,tests/fixtures/sample.numbers,application/zip,.numbers,,excluded,needs_review,pending,,external:https://raw.githubusercontent.com/iamahsanmehmood/sample-files/7354692a691e66380e6572c3a18e20ac99771f7d/spreadsheets/sample.numbers,exact-byte,SHA256 match,not-executed,True,excluded,1eb7fb12dcc256dd986916621d917ee27d917ebdbe9f834574819a4077d83643,1eb7fb12dcc256dd986916621d917ee27d917ebdbe9f834574819a4077d83643,missing
sample-nwc,.nwc,tests/fixtures/sample.nwc,application/octet-stream,.nwc,,excluded,needs_review,pending,,external:https://raw.githubusercontent.com/iamahsanmehmood/sample-files/7354692a691e66380e6572c3a18e20ac99771f7d/cad/sample.nwc,exact-byte,SHA256 match,not-executed,True,excluded,bd273eeef88c27aca43dc6e977e627096c4a96c5d9d1786919d346c353a7de95,bd273eeef88c27aca43dc6e977e627096c4a96c5d9d1786919d346c353a7de95,missing
sample-nwd,.nwd,tests/fixtures/sample.nwd,application/octet-stream,.nwd,,excluded,needs_review,pending,,external:https://raw.githubusercontent.com/iamahsanmehmood/sample-files/7354692a691e66380e6572c3a18e20ac99771f7d/cad/sample.nwd,exact-byte,SHA256 match,not-executed,True,excluded,17215abacfe4e1f1cb8e20fa68ce8a27dec07f995c152fe633cf5e05c19c7800,17215abacfe4e1f1cb8e20fa68ce8a27dec07f995c152fe633cf5e05c19c7800,missing
sample-odb,.odb,tests/fixtures/sample.odb,application/vnd.oasis.opendocument.database,.odb,,excluded,needs_review,pending,,generated:scripts.generators; tier=exact-byte,exact-byte,SHA256 match,not-executed,not-applicable,excluded,ed8b448481d55cd91b5135b2af1ce98985c1ce4d9a3b94374314eb9f3cade248,ed8b448481d55cd91b5135b2af1ce98985c1ce4d9a3b94374314eb9f3cade248,missing
sample-off,.off,tests/fixtures/sample.off,text/plain,.off,,excluded,needs_review,pending,,external:https://raw.githubusercontent.com/iamahsanmehmood/sample-files/7354692a691e66380e6572c3a18e20ac99771f7d/3d-models/sample.off,exact-byte,SHA256 match,not-executed,True,excluded,5b48b4eda98166424f96d2499b03f940aa05b1d0468a448ea502f6831a608cbc,5b48b4eda98166424f96d2499b03f940aa05b1d0468a448ea502f6831a608cbc,missing
sample-ogv,.ogv,tests/fixtures/sample.ogv,video/ogg,.ogv,,excluded,needs_review,pending,,external:https://raw.githubusercontent.com/iamahsanmehmood/sample-files/7354692a691e66380e6572c3a18e20ac99771f7d/video/sample.ogv,exact-byte,SHA256 match,not-executed,True,excluded,de6e06608b1f27b65a0bb58b2c201c39a0ffd87306e2d41c7da43da72ef5253e,de6e06608b1f27b65a0bb58b2c201c39a0ffd87306e2d41c7da43da72ef5253e,missing
sample-orc,.orc,tests/fixtures/sample.orc,text/plain,.orc,,excluded,needs_review,pending,,external:https://raw.githubusercontent.com/iamahsanmehmood/sample-files/7354692a691e66380e6572c3a18e20ac99771f7d/scientific/sample.orc,exact-byte,SHA256 match,not-executed,True,excluded,4fc059832fa0f6828c6a3411d3c2ba8aa849486e8ad4c3ac7e942ebd1e0c71b9,4fc059832fa0f6828c6a3411d3c2ba8aa849486e8ad4c3ac7e942ebd1e0c71b9,missing
sample-orf,.orf,tests/fixtures/sample.orf,image/x-olympus-orf,.orf,,excluded,needs_review,pending,,external:https://raw.githubusercontent.com/iamahsanmehmood/sample-files/7354692a691e66380e6572c3a18e20ac99771f7d/images/sample.orf,exact-byte,SHA256 match,not-executed,True,excluded,bac9b9ee151a7c0e2620409f3fea0db026f0dc3bde40b571a2f02b360969659a,bac9b9ee151a7c0e2620409f3fea0db026f0dc3bde40b571a2f02b360969659a,missing
sample-osm,.osm,tests/fixtures/sample.osm,text/xml,.osm,,excluded,needs_review,pending,,external:https://raw.githubusercontent.com/iamahsanmehmood/sample-files/7354692a691e66380e6572c3a18e20ac99771f7d/gis/sample.osm,exact-byte,SHA256 match,not-executed,True,excluded,b78a4f0dcd664196ba7bf0363cd1cf0c53ab930bf424f9a613a0fddbbb00c12b,b78a4f0dcd664196ba7bf0363cd1cf0c53ab930bf424f9a613a0fddbbb00c12b,missing
sample-oxps,.oxps,tests/fixtures/sample.oxps,application/zip,.oxps,,excluded,needs_review,pending,,external:https://raw.githubusercontent.com/iamahsanmehmood/sample-files/7354692a691e66380e6572c3a18e20ac99771f7d/documents/sample.oxps,exact-byte,SHA256 match,not-executed,True,excluded,2ae0359cd75c25d6014a7c4e664e0f404e513dc12f14ac3ab8131eff5be19aa8,2ae0359cd75c25d6014a7c4e664e0f404e513dc12f14ac3ab8131eff5be19aa8,missing
sample-pages,.pages,tests/fixtures/sample.pages,application/zip,.pages,,excluded,needs_review,pending,,generated:scripts.generators; tier=exact-byte,exact-byte,SHA256 match,not-executed,not-applicable,excluded,69f51e591fce17231398f150460713885bbf2df26df34b7e3380577fac5280a6,69f51e591fce17231398f150460713885bbf2df26df34b7e3380577fac5280a6,missing
sample-pbm,.pbm,tests/fixtures/sample.pbm,image/x-portable-bitmap,.pbm,,excluded,needs_review,pending,,external:https://raw.githubusercontent.com/iamahsanmehmood/sample-files/7354692a691e66380e6572c3a18e20ac99771f7d/images/sample.pbm,exact-byte,SHA256 match,not-executed,True,excluded,c578c5787a3bbcea3aa0de00cc6af784c0337ae73af4c43738aea45bdcecb27b,c578c5787a3bbcea3aa0de00cc6af784c0337ae73af4c43738aea45bdcecb27b,missing
sample-pcd,.pcd,tests/fixtures/sample.pcd,text/plain,.pcd,,excluded,needs_review,pending,,external:https://raw.githubusercontent.com/iamahsanmehmood/sample-files/7354692a691e66380e6572c3a18e20ac99771f7d/3d-models/sample.pcd,exact-byte,SHA256 match,not-executed,True,excluded,18a888207c7dc335e2258907e675fd65520e247effe404ee9f45514f88f5f549,18a888207c7dc335e2258907e675fd65520e247effe404ee9f45514f88f5f549,missing
sample-pcx,.pcx,tests/fixtures/sample.pcx,image/x-pcx,.pcx,,excluded,needs_review,pending,,external:https://raw.githubusercontent.com/iamahsanmehmood/sample-files/7354692a691e66380e6572c3a18e20ac99771f7d/images/sample.pcx,exact-byte,SHA256 match,not-executed,True,excluded,01c34c4e6ab040cf88eff8f319c1190f9d1d1bef78cb919662461c19c53a1862,01c34c4e6ab040cf88eff8f319c1190f9d1d1bef78cb919662461c19c53a1862,missing
sample-pdb,.pdb,tests/fixtures/sample.pdb,chemical/x-pdb,.pdb,,excluded,needs_review,pending,ambiguous,external:https://raw.githubusercontent.com/iamahsanmehmood/sample-files/7354692a691e66380e6572c3a18e20ac99771f7d/3d-models/sample.pdb,exact-byte,SHA256 match,not-executed,True,excluded,7e149a95a9c6981a60b1906450bb44c6173630c2e6ef05d7e9a00421967b6a1c,7e149a95a9c6981a60b1906450bb44c6173630c2e6ef05d7e9a00421967b6a1c,missing
sample-pgm,.pgm,tests/fixtures/sample.pgm,image/x-portable-greymap,.pgm,,excluded,needs_review,pending,,external:https://raw.githubusercontent.com/iamahsanmehmood/sample-files/7354692a691e66380e6572c3a18e20ac99771f7d/images/sample.pgm,exact-byte,SHA256 match,not-executed,True,excluded,d094cbb089896fafcb66921361641edc7750c8980e1980034a57b16077e9bfdc,d094cbb089896fafcb66921361641edc7750c8980e1980034a57b16077e9bfdc,missing
sample-pln,.pln,tests/fixtures/sample.pln,application/octet-stream,.pln,,excluded,needs_review,pending,,external:https://raw.githubusercontent.com/iamahsanmehmood/sample-files/7354692a691e66380e6572c3a18e20ac99771f7d/cad/sample.pln,exact-byte,SHA256 match,not-executed,True,excluded,06093bf050f3c08dfd52f0472e9d68735539860d8e32573b8b9a9ebae8872aea,06093bf050f3c08dfd52f0472e9d68735539860d8e32573b8b9a9ebae8872aea,missing
sample-plt,.plt,tests/fixtures/sample.plt,text/plain,.plt,,excluded,needs_review,pending,,external:https://raw.githubusercontent.com/iamahsanmehmood/sample-files/7354692a691e66380e6572c3a18e20ac99771f7d/cad/sample.plt,exact-byte,SHA256 match,not-executed,True,excluded,8f7e5c6a154b8b2c0dc39ad1376f7951ac176268614c352bb5839cc405841c17,8f7e5c6a154b8b2c0dc39ad1376f7951ac176268614c352bb5839cc405841c17,missing
sample-ply,.ply,tests/fixtures/sample.ply,text/plain,.ply,,excluded,needs_review,pending,,external:https://raw.githubusercontent.com/iamahsanmehmood/sample-files/7354692a691e66380e6572c3a18e20ac99771f7d/3d-models/sample.ply,exact-byte,SHA256 match,not-executed,True,excluded,1dc8d0cbd4daa5f7307cd515c3aebfb1fb16c7258ab1993f8dc456c3fa227f64,1dc8d0cbd4daa5f7307cd515c3aebfb1fb16c7258ab1993f8dc456c3fa227f64,missing
sample-pm,.pm,tests/fixtures/sample.pm,text/plain,.pm,,excluded,needs_review,pending,,external:https://raw.githubusercontent.com/iamahsanmehmood/sample-files/7354692a691e66380e6572c3a18e20ac99771f7d/code/sample.pm,exact-byte,SHA256 match,not-executed,True,excluded,28c2429c81b69421b681d6f26c280f2a4d3f0d28cc80d0e58a883c6dbeaed8c1,28c2429c81b69421b681d6f26c280f2a4d3f0d28cc80d0e58a883c6dbeaed8c1,missing
sample-pnm,.pnm,tests/fixtures/sample.pnm,image/x-portable-pixmap,.pnm,,excluded,needs_review,pending,,external:https://raw.githubusercontent.com/iamahsanmehmood/sample-files/7354692a691e66380e6572c3a18e20ac99771f7d/images/sample.pnm,exact-byte,SHA256 match,not-executed,True,excluded,00791ea2b360cb3baac5a9e41de60789a1203c78024cccc7d2bd5e2fdebb10b0,00791ea2b360cb3baac5a9e41de60789a1203c78024cccc7d2bd5e2fdebb10b0,missing
sample-ppm,.ppm,tests/fixtures/sample.ppm,image/x-portable-pixmap,.ppm,,excluded,needs_review,pending,,external:https://raw.githubusercontent.com/iamahsanmehmood/sample-files/7354692a691e66380e6572c3a18e20ac99771f7d/images/sample.ppm,exact-byte,SHA256 match,not-executed,True,excluded,f9748cd8bd7ebecaf9727101a7931535bf09f416c034f12c69bf480537dac895,f9748cd8bd7ebecaf9727101a7931535bf09f416c034f12c69bf480537dac895,missing
sample-properties,.properties,tests/fixtures/sample.properties,text/plain,.properties,,excluded,needs_review,pending,,external:https://raw.githubusercontent.com/iamahsanmehmood/sample-files/7354692a691e66380e6572c3a18e20ac99771f7d/code/sample.properties,exact-byte,SHA256 match,not-executed,True,excluded,65d87cfd0d923bbb863f2adb288017dccb252c3abefc046ee8390c6839ca78a5,65d87cfd0d923bbb863f2adb288017dccb252c3abefc046ee8390c6839ca78a5,missing
sample-pug,.pug,tests/fixtures/sample.pug,text/plain,.pug,,excluded,needs_review,pending,,external:https://raw.githubusercontent.com/iamahsanmehmood/sample-files/7354692a691e66380e6572c3a18e20ac99771f7d/code/sample.pug,exact-byte,SHA256 match,not-executed,True,excluded,1f533bde43ac1059eb7c89cc484d67544131c2fe3456116dfb73c6a9bba62451,1f533bde43ac1059eb7c89cc484d67544131c2fe3456116dfb73c6a9bba62451,missing
sample-ra,.ra,tests/fixtures/sample.ra,application/vnd.rn-realmedia,.ra,,excluded,needs_review,pending,,external:https://raw.githubusercontent.com/iamahsanmehmood/sample-files/7354692a691e66380e6572c3a18e20ac99771f7d/audio/sample.ra,exact-byte,SHA256 match,not-executed,True,excluded,58638cd9639f352ebbebc9055dc188a06e5fb2e4e4c2c8d7f7a85dff5e75be9d,58638cd9639f352ebbebc9055dc188a06e5fb2e4e4c2c8d7f7a85dff5e75be9d,missing
sample-raf,.raf,tests/fixtures/sample.raf,image/x-fuji-raf,.raf,,excluded,needs_review,pending,,external:https://raw.githubusercontent.com/iamahsanmehmood/sample-files/7354692a691e66380e6572c3a18e20ac99771f7d/images/sample.raf,exact-byte,SHA256 match,not-executed,True,excluded,8b9bfb2f7a7dbeedc0c3aa87b0dad723039b35d34a5c7e181381b360fe759d3d,8b9bfb2f7a7dbeedc0c3aa87b0dad723039b35d34a5c7e181381b360fe759d3d,missing
sample-rake,.rake,tests/fixtures/sample.rake,text/plain,.rake,,excluded,needs_review,pending,,external:https://raw.githubusercontent.com/iamahsanmehmood/sample-files/7354692a691e66380e6572c3a18e20ac99771f7d/code/sample.rake,exact-byte,SHA256 match,not-executed,True,excluded,32de87009bf3b4757e2d8456dc789a72264f9bcfd9a34af24231795fa2fd0920,32de87009bf3b4757e2d8456dc789a72264f9bcfd9a34af24231795fa2fd0920,missing
sample-rfa,.rfa,tests/fixtures/sample.rfa,application/cdfv2,.rfa,,excluded,needs_review,pending,,external:https://raw.githubusercontent.com/iamahsanmehmood/sample-files/7354692a691e66380e6572c3a18e20ac99771f7d/cad/sample.rfa,exact-byte,SHA256 match,not-executed,True,excluded,a899fb4496afa7230c378d5be03cf3461990994993110fd2dad3257111081275,a899fb4496afa7230c378d5be03cf3461990994993110fd2dad3257111081275,missing
sample-rm,.rm,tests/fixtures/sample.rm,application/vnd.rn-realmedia,.rm,,excluded,needs_review,pending,,external:https://raw.githubusercontent.com/iamahsanmehmood/sample-files/7354692a691e66380e6572c3a18e20ac99771f7d/video/sample.rm,exact-byte,SHA256 match,not-executed,True,excluded,6e52009621cf539626042673faaf71cd13e90c970dc4b6142806369a32e445c4,6e52009621cf539626042673faaf71cd13e90c970dc4b6142806369a32e445c4,missing
sample-rmvb,.rmvb,tests/fixtures/sample.rmvb,application/vnd.rn-realmedia,.rmvb,,excluded,needs_review,pending,,external:https://raw.githubusercontent.com/iamahsanmehmood/sample-files/7354692a691e66380e6572c3a18e20ac99771f7d/video/sample.rmvb,exact-byte,SHA256 match,not-executed,True,excluded,6e52009621cf539626042673faaf71cd13e90c970dc4b6142806369a32e445c4,6e52009621cf539626042673faaf71cd13e90c970dc4b6142806369a32e445c4,missing
sample-rte,.rte,tests/fixtures/sample.rte,application/cdfv2,.rte,,excluded,needs_review,pending,,external:https://raw.githubusercontent.com/iamahsanmehmood/sample-files/7354692a691e66380e6572c3a18e20ac99771f7d/cad/sample.rte,exact-byte,SHA256 match,not-executed,True,excluded,a899fb4496afa7230c378d5be03cf3461990994993110fd2dad3257111081275,a899fb4496afa7230c378d5be03cf3461990994993110fd2dad3257111081275,missing
sample-rvt,.rvt,tests/fixtures/sample.rvt,application/cdfv2,.rvt,,excluded,needs_review,pending,,external:https://raw.githubusercontent.com/iamahsanmehmood/sample-files/7354692a691e66380e6572c3a18e20ac99771f7d/cad/sample.rvt,exact-byte,SHA256 match,not-executed,True,excluded,a899fb4496afa7230c378d5be03cf3461990994993110fd2dad3257111081275,a899fb4496afa7230c378d5be03cf3461990994993110fd2dad3257111081275,missing
sample-rw2,.rw2,tests/fixtures/sample.rw2,application/octet-stream,.rw2,,excluded,needs_review,pending,,external:https://raw.githubusercontent.com/iamahsanmehmood/sample-files/7354692a691e66380e6572c3a18e20ac99771f7d/images/sample.rw2,exact-byte,SHA256 match,not-executed,True,excluded,13103b805b62ce315ce5ff5e448e10289a6f77efa9495411e8d4b36df5815d32,13103b805b62ce315ce5ff5e448e10289a6f77efa9495411e8d4b36df5815d32,missing
sample-sam,.sam,tests/fixtures/sample.sam,application/x-wine-extension-ini,.sam,,excluded,needs_review,pending,,generated:scripts.generators; tier=exact-byte,exact-byte,SHA256 match,not-executed,not-applicable,excluded,a12c2606451f3cb412de9ff691be90391a42805728771dea498fac2161c9cee1,a12c2606451f3cb412de9ff691be90391a42805728771dea498fac2161c9cee1,missing
sample-sass,.sass,tests/fixtures/sample.sass,text/plain,.sass,,excluded,needs_review,pending,,external:https://raw.githubusercontent.com/iamahsanmehmood/sample-files/7354692a691e66380e6572c3a18e20ac99771f7d/code/sample.sass,exact-byte,SHA256 match,not-executed,True,excluded,50c88fcb5d8648f9b185b9c1f6c475843c6c8789b04a4fa5b99b391b3c77e299,50c88fcb5d8648f9b185b9c1f6c475843c6c8789b04a4fa5b99b391b3c77e299,missing
sample-sbt,.sbt,tests/fixtures/sample.sbt,text/plain,.sbt,,excluded,needs_review,pending,,external:https://raw.githubusercontent.com/iamahsanmehmood/sample-files/7354692a691e66380e6572c3a18e20ac99771f7d/code/sample.sbt,exact-byte,SHA256 match,not-executed,True,excluded,7fa0f92d17ed3e1e88535273df4b964a36847006ac14f6b35ab728db44944f08,7fa0f92d17ed3e1e88535273df4b964a36847006ac14f6b35ab728db44944f08,missing
sample-sdf,.sdf,tests/fixtures/sample.sdf,application/octet-stream,.sdf,,excluded,needs_review,pending,,external:https://raw.githubusercontent.com/iamahsanmehmood/sample-files/7354692a691e66380e6572c3a18e20ac99771f7d/databases/sample.sdf,exact-byte,SHA256 match,not-executed,True,excluded,28b8d1e6ada8ea6fcd14f9dca0d623ca8b198a0229529980365406c7bc6f73b2,28b8d1e6ada8ea6fcd14f9dca0d623ca8b198a0229529980365406c7bc6f73b2,missing
sample-sgi,.sgi,tests/fixtures/sample.sgi,application/octet-stream,.sgi,,excluded,needs_review,pending,,external:https://raw.githubusercontent.com/iamahsanmehmood/sample-files/7354692a691e66380e6572c3a18e20ac99771f7d/images/sample.sgi,exact-byte,SHA256 match,not-executed,True,excluded,e795405ad2fb8c41868f754512dd116ac1cdf63a9313c8c00f9ce95a8b51a8c4,e795405ad2fb8c41868f754512dd116ac1cdf63a9313c8c00f9ce95a8b51a8c4,missing
sample-sha1,.sha1,tests/fixtures/sample.sha1,text/plain,.sha1,,excluded,needs_review,pending,,generated:scripts.generators; tier=exact-byte,exact-byte,SHA256 match,not-executed,not-applicable,excluded,a399baf2485d798ef790ec3fa756269c8dc3fc66255cb16ff4d49fc344526a61,a399baf2485d798ef790ec3fa756269c8dc3fc66255cb16ff4d49fc344526a61,missing
sample-shp,.shp,tests/fixtures/sample.shp,application/octet-stream,.shp,,excluded,needs_review,pending,,external:https://raw.githubusercontent.com/iamahsanmehmood/sample-files/7354692a691e66380e6572c3a18e20ac99771f7d/gis/sample.shp,exact-byte,SHA256 match,not-executed,True,excluded,d19f9a5e53c076a24e340e14374ec4f488f138c9d43f828468d3d2c0d2d3f439,d19f9a5e53c076a24e340e14374ec4f488f138c9d43f828468d3d2c0d2d3f439,missing
sample-shx,.shx,tests/fixtures/sample.shx,application/octet-stream,.shx,,excluded,needs_review,pending,,external:https://raw.githubusercontent.com/iamahsanmehmood/sample-files/7354692a691e66380e6572c3a18e20ac99771f7d/gis/sample.shx,exact-byte,SHA256 match,not-executed,True,excluded,a3f29ef96df0ecf70632c9fe3c33a0e466679f79e8e17a0010f367999cc63ff6,a3f29ef96df0ecf70632c9fe3c33a0e466679f79e8e17a0010f367999cc63ff6,missing
sample-sig,.sig,tests/fixtures/sample.sig,text/plain,.sig,,excluded,needs_review,pending,,external:https://raw.githubusercontent.com/iamahsanmehmood/sample-files/7354692a691e66380e6572c3a18e20ac99771f7d/code/sample.sig,exact-byte,SHA256 match,not-executed,True,excluded,f66f36625c5ad2a273977d7bab8e391c861250b596fac6be93259c7c756fe438,f66f36625c5ad2a273977d7bab8e391c861250b596fac6be93259c7c756fe438,missing
sample-skp,.skp,tests/fixtures/sample.skp,text/plain,.skp,,excluded,needs_review,pending,,external:https://raw.githubusercontent.com/iamahsanmehmood/sample-files/7354692a691e66380e6572c3a18e20ac99771f7d/cad/sample.skp,exact-byte,SHA256 match,not-executed,True,excluded,36d5ff7720216cd06b6b9b76fba36976c738c6aa49c9f38a4a5e8e3b3d864d79,36d5ff7720216cd06b6b9b76fba36976c738c6aa49c9f38a4a5e8e3b3d864d79,missing
sample-snd,.snd,tests/fixtures/sample.snd,audio/basic,.snd,,excluded,needs_review,pending,,external:https://raw.githubusercontent.com/iamahsanmehmood/sample-files/7354692a691e66380e6572c3a18e20ac99771f7d/audio/sample.snd,exact-byte,SHA256 match,not-executed,True,excluded,0d563c0942434a165c2eb3e4ea305829f8f9f3408a0bdd8273dea2c0f8ea145b,0d563c0942434a165c2eb3e4ea305829f8f9f3408a0bdd8273dea2c0f8ea145b,missing
sample-spx,.spx,tests/fixtures/sample.spx,audio/ogg,.spx,,excluded,needs_review,pending,,external:https://raw.githubusercontent.com/iamahsanmehmood/sample-files/7354692a691e66380e6572c3a18e20ac99771f7d/audio/sample.spx,exact-byte,SHA256 match,not-executed,True,excluded,6c18753bd62a8acf9bc9834918bc281deb82c120218115a84ca79fbd99141bd9,6c18753bd62a8acf9bc9834918bc281deb82c120218115a84ca79fbd99141bd9,missing
sample-sr2,.sr2,tests/fixtures/sample.sr2,image/tiff,.sr2,,excluded,needs_review,pending,,external:https://raw.githubusercontent.com/iamahsanmehmood/sample-files/7354692a691e66380e6572c3a18e20ac99771f7d/images/sample.sr2,exact-byte,SHA256 match,not-executed,True,excluded,9ca86c3feb191f3522e21cb90b99877caffbb37d73d2db0c68401ab939619580,9ca86c3feb191f3522e21cb90b99877caffbb37d73d2db0c68401ab939619580,missing
sample-step,.step,tests/fixtures/sample.step,text/plain,.step,,excluded,needs_review,pending,,external:https://raw.githubusercontent.com/iamahsanmehmood/sample-files/7354692a691e66380e6572c3a18e20ac99771f7d/3d-models/sample.step,exact-byte,SHA256 match,not-executed,True,excluded,cfa52db7eab6fe6a73986a87aff8702d24431bdb7da6382afdd94234deb3f648,cfa52db7eab6fe6a73986a87aff8702d24431bdb7da6382afdd94234deb3f648,missing
sample-stg,.stg,tests/fixtures/sample.stg,application/octet-stream,.stg,,excluded,needs_review,pending,,generated:scripts.generators; tier=exact-byte,exact-byte,SHA256 match,not-executed,not-applicable,excluded,8ca442cc4162904c889f9c02f30eabb5916da4e31af4f774b79af7e37e20b4db,8ca442cc4162904c889f9c02f30eabb5916da4e31af4f774b79af7e37e20b4db,missing
sample-stp,.stp,tests/fixtures/sample.stp,text/plain,.stp,,excluded,needs_review,pending,,external:https://raw.githubusercontent.com/iamahsanmehmood/sample-files/7354692a691e66380e6572c3a18e20ac99771f7d/3d-models/sample.stp,exact-byte,SHA256 match,not-executed,True,excluded,cfa52db7eab6fe6a73986a87aff8702d24431bdb7da6382afdd94234deb3f648,cfa52db7eab6fe6a73986a87aff8702d24431bdb7da6382afdd94234deb3f648,missing
sample-svelte,.svelte,tests/fixtures/sample.svelte,text/html,.svelte,,excluded,needs_review,pending,,external:https://raw.githubusercontent.com/iamahsanmehmood/sample-files/7354692a691e66380e6572c3a18e20ac99771f7d/code/sample.svelte,exact-byte,SHA256 match,not-executed,True,excluded,503d54086712a9cb83c4250f9a4eea3fea4f647cdcb4ed77c68f36477900068a,503d54086712a9cb83c4250f9a4eea3fea4f647cdcb4ed77c68f36477900068a,missing
sample-tab,.tab,tests/fixtures/sample.tab,text/plain,.tab,,excluded,needs_review,pending,,external:https://raw.githubusercontent.com/iamahsanmehmood/sample-files/7354692a691e66380e6572c3a18e20ac99771f7d/gis/sample.tab,exact-byte,SHA256 match,not-executed,True,excluded,98ddb14eb3e2342e3d0deee6467495bdfa7d77fd7f8db58abfa365fa1845e788,98ddb14eb3e2342e3d0deee6467495bdfa7d77fd7f8db58abfa365fa1845e788,missing
sample-topojson,.topojson,tests/fixtures/sample.topojson,application/json,.topojson,,excluded,needs_review,pending,,external:https://raw.githubusercontent.com/iamahsanmehmood/sample-files/7354692a691e66380e6572c3a18e20ac99771f7d/gis/sample.topojson,exact-byte,SHA256 match,not-executed,True,excluded,cb3336155293ad96f12a110df61f00fe55f7d493da2faf17a64ef2507f8f25dd,cb3336155293ad96f12a110df61f00fe55f7d493da2faf17a64ef2507f8f25dd,missing
sample-tta,.tta,tests/fixtures/sample.tta,application/octet-stream,.tta,,excluded,needs_review,pending,,external:https://raw.githubusercontent.com/iamahsanmehmood/sample-files/7354692a691e66380e6572c3a18e20ac99771f7d/audio/sample.tta,exact-byte,SHA256 match,not-executed,True,excluded,4ce7bf7e92540c784f146aad4a8c2d2c1d75f0ebc02d6233c3cda67c904366e9,4ce7bf7e92540c784f146aad4a8c2d2c1d75f0ebc02d6233c3cda67c904366e9,missing
sample-usdz,.usdz,tests/fixtures/sample.usdz,application/zip,.usdz,,excluded,needs_review,pending,,external:https://raw.githubusercontent.com/iamahsanmehmood/sample-files/7354692a691e66380e6572c3a18e20ac99771f7d/3d-models/sample.usdz,exact-byte,SHA256 match,not-executed,True,excluded,0278676f20cfe7d5dad837bdeb1bdc2cc3eaf193bceadfa832fe465b53304120,0278676f20cfe7d5dad837bdeb1bdc2cc3eaf193bceadfa832fe465b53304120,missing
sample-vcf,.vcf,tests/fixtures/sample.vcf,text/vcard,.vcf,,excluded,needs_review,pending,,external:https://raw.githubusercontent.com/iamahsanmehmood/sample-files/7354692a691e66380e6572c3a18e20ac99771f7d/email/sample.vcf,exact-byte,SHA256 match,not-executed,True,excluded,e7530ba5d29032fa783fda5b1e0363eea53ed5d161096746f8c2ae4589982f85,e7530ba5d29032fa783fda5b1e0363eea53ed5d161096746f8c2ae4589982f85,missing
sample-vob,.vob,tests/fixtures/sample.vob,video/mpeg,.vob,,excluded,needs_review,pending,,external:https://raw.githubusercontent.com/iamahsanmehmood/sample-files/7354692a691e66380e6572c3a18e20ac99771f7d/video/sample.vob,exact-byte,SHA256 match,not-executed,True,excluded,be62ecae2bf1a443fe58c657cce5d967840caec9a21dc51729051867b475290b,be62ecae2bf1a443fe58c657cce5d967840caec9a21dc51729051867b475290b,missing
sample-vox,.vox,tests/fixtures/sample.vox,application/octet-stream,.vox,,excluded,needs_review,pending,,external:https://raw.githubusercontent.com/iamahsanmehmood/sample-files/7354692a691e66380e6572c3a18e20ac99771f7d/3d-models/sample.vox,exact-byte,SHA256 match,not-executed,True,excluded,b2d87721a52ac71c55d75a28225b10ec50ff848d988179ac96b664c5a191bd27,b2d87721a52ac71c55d75a28225b10ec50ff848d988179ac96b664c5a191bd27,missing
sample-vsix,.vsix,tests/fixtures/sample.vsix,application/zip,.vsix,,excluded,needs_review,pending,,external:https://raw.githubusercontent.com/iamahsanmehmood/sample-files/7354692a691e66380e6572c3a18e20ac99771f7d/archives/sample.vsix,exact-byte,SHA256 match,not-executed,True,excluded,4eff8143a451c645c3c839bdc59eaf4e5cea3edf6495118d9093b526b5b07a06,4eff8143a451c645c3c839bdc59eaf4e5cea3edf6495118d9093b526b5b07a06,missing
sample-vtk,.vtk,tests/fixtures/sample.vtk,text/plain,.vtk,,excluded,needs_review,pending,,external:https://raw.githubusercontent.com/iamahsanmehmood/sample-files/7354692a691e66380e6572c3a18e20ac99771f7d/3d-models/sample.vtk,exact-byte,SHA256 match,not-executed,True,excluded,01a6deaa6e9205b66b15616ddc96746eaddc30c4b08a6534c9078a67bf4bf313,01a6deaa6e9205b66b15616ddc96746eaddc30c4b08a6534c9078a67bf4bf313,missing
sample-vtp,.vtp,tests/fixtures/sample.vtp,text/xml,.vtp,,excluded,needs_review,pending,,external:https://raw.githubusercontent.com/iamahsanmehmood/sample-files/7354692a691e66380e6572c3a18e20ac99771f7d/3d-models/sample.vtp,exact-byte,SHA256 match,not-executed,True,excluded,9ea124ee2065e7b6e584531a9730cec4694751487b5c072431c2d726b9eef52f,9ea124ee2065e7b6e584531a9730cec4694751487b5c072431c2d726b9eef52f,missing
sample-war,.war,tests/fixtures/sample.war,application/zip,.war,,excluded,needs_review,pending,,external:https://raw.githubusercontent.com/iamahsanmehmood/sample-files/7354692a691e66380e6572c3a18e20ac99771f7d/archives/sample.war,exact-byte,SHA256 match,not-executed,True,excluded,7123b10466277a262a1b438cfc57a9da8a796b5569a8b0f23f860b213d88530d,7123b10466277a262a1b438cfc57a9da8a796b5569a8b0f23f860b213d88530d,missing
sample-wb1,.wb1,tests/fixtures/sample.wb1,application/vnd.lotus-1-2-3,.wb1,,excluded,needs_review,pending,,generated:scripts.generators; tier=exact-byte,exact-byte,SHA256 match,not-executed,not-applicable,excluded,e3c930e93668bbe614e7b32ae81ffc0851e5e5f76c07091fa96a59579a1f0f96,e3c930e93668bbe614e7b32ae81ffc0851e5e5f76c07091fa96a59579a1f0f96,missing
sample-wb2,.wb2,tests/fixtures/sample.wb2,application/vnd.lotus-1-2-3,.wb2,,excluded,needs_review,pending,,generated:scripts.generators; tier=exact-byte,exact-byte,SHA256 match,not-executed,not-applicable,excluded,64273c74942b0b7456bc8f7da3828311d07f2acf08e9ab756e07dda549a9b569,64273c74942b0b7456bc8f7da3828311d07f2acf08e9ab756e07dda549a9b569,missing
sample-wb3,.wb3,tests/fixtures/sample.wb3,application/vnd.ms-office,.wb3,,excluded,needs_review,pending,,generated:scripts.generators; tier=exact-byte,exact-byte,SHA256 match,not-executed,not-applicable,excluded,2eaae498fe99c65ff7caac2617164b380d22fe8e9be7a29e2d0249368454d381,2eaae498fe99c65ff7caac2617164b380d22fe8e9be7a29e2d0249368454d381,missing
sample-whl,.whl,tests/fixtures/sample.whl,application/zip,.whl,,excluded,needs_review,pending,,external:https://raw.githubusercontent.com/iamahsanmehmood/sample-files/7354692a691e66380e6572c3a18e20ac99771f7d/archives/sample.whl,exact-byte,SHA256 match,not-executed,True,excluded,d5d77d2adc4e628905bb569f33f7964591d874479dcdcb3a787c0e9e804eba6f,d5d77d2adc4e628905bb569f33f7964591d874479dcdcb3a787c0e9e804eba6f,missing
sample-wk1,.wk1,tests/fixtures/sample.wk1,application/vnd.lotus-1-2-3,.wk1,,excluded,needs_review,pending,,generated:scripts.generators; tier=exact-byte,exact-byte,SHA256 match,not-executed,not-applicable,excluded,08280f2d38c48f332a011b59f61c0775c747c6f4175de845c7bde0d3ccec5a6a,08280f2d38c48f332a011b59f61c0775c747c6f4175de845c7bde0d3ccec5a6a,missing
sample-wk3,.wk3,tests/fixtures/sample.wk3,application/vnd.lotus-1-2-3,.wk3,,excluded,needs_review,pending,,generated:scripts.generators; tier=exact-byte,exact-byte,SHA256 match,not-executed,not-applicable,excluded,9741c1393cf98ff660d7faf50f12143608c5a5d662280163bdd1d82c03b7c6a0,9741c1393cf98ff660d7faf50f12143608c5a5d662280163bdd1d82c03b7c6a0,missing
sample-wk4,.wk4,tests/fixtures/sample.wk4,application/vnd.lotus-1-2-3,.wk4,,excluded,needs_review,pending,,generated:scripts.generators; tier=exact-byte,exact-byte,SHA256 match,not-executed,not-applicable,excluded,74292e226bc1897865b5098357a216ea12c5c71e06a0b1076f43f7e309d00992,74292e226bc1897865b5098357a216ea12c5c71e06a0b1076f43f7e309d00992,missing
sample-wks,.wks,tests/fixtures/sample.wks,application/vnd.lotus-1-2-3,.wks,,excluded,needs_review,pending,,Downloaded from openpreserve/format-corpus (CC0),unclassified,SHA256 match,not-executed,not-applicable,excluded,e84776961e4ef26fe8935f99917655a7d8c706c4d1a57796092b70422add5f3f,e84776961e4ef26fe8935f99917655a7d8c706c4d1a57796092b70422add5f3f,missing
sample-wkt,.wkt,tests/fixtures/sample.wkt,text/plain,.wkt,,excluded,needs_review,pending,,external:https://raw.githubusercontent.com/iamahsanmehmood/sample-files/7354692a691e66380e6572c3a18e20ac99771f7d/gis/sample.wkt,exact-byte,SHA256 match,not-executed,True,excluded,93f8ed2f567f0cf150e5b41968dd8729bd3f420bc2362decf5bea335a6e2df99,93f8ed2f567f0cf150e5b41968dd8729bd3f420bc2362decf5bea335a6e2df99,missing
sample-wpd,.wpd,tests/fixtures/sample.wpd,application/octet-stream,.wpd,,excluded,needs_review,pending,,generated:scripts.generators; tier=exact-byte,exact-byte,SHA256 match,not-executed,not-applicable,excluded,3417815c24d7227a1dd3fc5b95cb3e84f895a1e608a58432cb5ffcaebb4cae90,3417815c24d7227a1dd3fc5b95cb3e84f895a1e608a58432cb5ffcaebb4cae90,missing
sample-wps,.wps,tests/fixtures/sample.wps,application/cdfv2,.wps,,excluded,needs_review,pending,,external:https://raw.githubusercontent.com/iamahsanmehmood/sample-files/7354692a691e66380e6572c3a18e20ac99771f7d/documents/sample.wps,exact-byte,SHA256 match,not-executed,True,excluded,a899fb4496afa7230c378d5be03cf3461990994993110fd2dad3257111081275,a899fb4496afa7230c378d5be03cf3461990994993110fd2dad3257111081275,missing
sample-wq1,.wq1,tests/fixtures/sample.wq1,application/vnd.lotus-1-2-3,.wq1,,excluded,needs_review,pending,,generated:scripts.generators; tier=exact-byte,exact-byte,SHA256 match,not-executed,not-applicable,excluded,bcdf381d95199eaa717b07173a2b629be6fa942ee7590c2115df846d3d66d622,bcdf381d95199eaa717b07173a2b629be6fa942ee7590c2115df846d3d66d622,missing
sample-wq2,.wq2,tests/fixtures/sample.wq2,application/vnd.lotus-1-2-3,.wq2,,excluded,needs_review,pending,,generated:scripts.generators; tier=exact-byte,exact-byte,SHA256 match,not-executed,not-applicable,excluded,ea3cf944fbf83cc2ab74fc4fd57d3c3915408f60e0b312a478f8b29a1a7942c1,ea3cf944fbf83cc2ab74fc4fd57d3c3915408f60e0b312a478f8b29a1a7942c1,missing
sample-wri,.wri,tests/fixtures/sample.wri,application/msword,.wri,,excluded,needs_review,pending,,generated:scripts.generators; tier=exact-byte,exact-byte,SHA256 match,not-executed,not-applicable,excluded,815a6317bfe9c8fb75bd114a2b96d4a23b57c641fd6fbd49b8498f80f362ebdb,815a6317bfe9c8fb75bd114a2b96d4a23b57c641fd6fbd49b8498f80f362ebdb,missing
sample-wrl,.wrl,tests/fixtures/sample.wrl,model/vrml,.wrl,,excluded,needs_review,pending,,external:https://raw.githubusercontent.com/iamahsanmehmood/sample-files/7354692a691e66380e6572c3a18e20ac99771f7d/3d-models/sample.wrl,exact-byte,SHA256 match,not-executed,True,excluded,d0864098a0771c90080c96e16e980e3bdd19067364571efa33fa96d1d8d98661,d0864098a0771c90080c96e16e980e3bdd19067364571efa33fa96d1d8d98661,missing
sample-x3d,.x3d,tests/fixtures/sample.x3d,model/x3d+xml,.x3d,,excluded,needs_review,pending,,external:https://raw.githubusercontent.com/iamahsanmehmood/sample-files/7354692a691e66380e6572c3a18e20ac99771f7d/3d-models/sample.x3d,exact-byte,SHA256 match,not-executed,True,excluded,cfa3cabfb91756e1fefd23865b1dbc35e81f018b22e05502ca93322ec453238b,cfa3cabfb91756e1fefd23865b1dbc35e81f018b22e05502ca93322ec453238b,missing
sample-x3dv,.x3dv,tests/fixtures/sample.x3dv,text/plain,.x3dv,,excluded,needs_review,pending,,external:https://raw.githubusercontent.com/iamahsanmehmood/sample-files/7354692a691e66380e6572c3a18e20ac99771f7d/3d-models/sample.x3dv,exact-byte,SHA256 match,not-executed,True,excluded,45ea0deb74b7874a9a2ade869133f8d84156b6b03d373475425b220d4c5ac67b,45ea0deb74b7874a9a2ade869133f8d84156b6b03d373475425b220d4c5ac67b,missing
sample-x3f,.x3f,tests/fixtures/sample.x3f,image/x-x3f,.x3f,,excluded,needs_review,pending,,external:https://raw.githubusercontent.com/iamahsanmehmood/sample-files/7354692a691e66380e6572c3a18e20ac99771f7d/images/sample.x3f,exact-byte,SHA256 match,not-executed,True,excluded,57bce9b4be08b751fe645942707511719fb381c046c469d6f7a464b14a78acc4,57bce9b4be08b751fe645942707511719fb381c046c469d6f7a464b14a78acc4,missing
sample-xlt,.xlt,tests/fixtures/sample.xlt,application/cdfv2,.xlt,,excluded,needs_review,pending,,external:https://raw.githubusercontent.com/iamahsanmehmood/sample-files/7354692a691e66380e6572c3a18e20ac99771f7d/spreadsheets/sample.xlt,exact-byte,SHA256 match,not-executed,True,excluded,a899fb4496afa7230c378d5be03cf3461990994993110fd2dad3257111081275,a899fb4496afa7230c378d5be03cf3461990994993110fd2dad3257111081275,missing
sample-xltx,.xltx,tests/fixtures/sample.xltx,application/zip,.xltx,,excluded,needs_review,pending,,external:https://raw.githubusercontent.com/iamahsanmehmood/sample-files/7354692a691e66380e6572c3a18e20ac99771f7d/spreadsheets/sample.xltx,exact-byte,SHA256 match,not-executed,True,excluded,df59b0da486ea1f4bf77ae19502886a1058b744824e3b4fece5349ddfaf35d2a,df59b0da486ea1f4bf77ae19502886a1058b744824e3b4fece5349ddfaf35d2a,missing
sample-xps,.xps,tests/fixtures/sample.xps,application/zip,.xps,,excluded,needs_review,pending,,external:https://raw.githubusercontent.com/iamahsanmehmood/sample-files/7354692a691e66380e6572c3a18e20ac99771f7d/documents/sample.xps,exact-byte,SHA256 match,not-executed,True,excluded,a497d40c9a57fb9664306cf731d4971acc65ddf3c438338f5d85eb8f116df8fc,a497d40c9a57fb9664306cf731d4971acc65ddf3c438338f5d85eb8f116df8fc,missing
sample-xyz,.xyz,tests/fixtures/sample.xyz,text/plain,.xyz,,excluded,needs_review,pending,,external:https://raw.githubusercontent.com/iamahsanmehmood/sample-files/7354692a691e66380e6572c3a18e20ac99771f7d/3d-models/sample.xyz,exact-byte,SHA256 match,not-executed,True,excluded,25a2f43b4320b7f878ba70bbe6b2518d33e1aeef952020d99931515c33809555,25a2f43b4320b7f878ba70bbe6b2518d33e1aeef952020d99931515c33809555,missing
sample-7z,.7z,tests/fixtures/sample.7z,application/x-7z-compressed,.7z,,verified,verified,py7zr,,generated:scripts.generators; tier=pinned-sha-roundtrip,pinned-sha-roundtrip,SHA256 match,not-executed,not-applicable,verified,a4cf06a4d0a9a1571d0d3343aaa3f70680a6f6401507cd5d83d5637f08715eac,a4cf06a4d0a9a1571d0d3343aaa3f70680a6f6401507cd5d83d5637f08715eac,complete
sample-avif,.avif,tests/fixtures/sample.avif,image/avif,.avif,,verified,verified,isobmff-box-walk,,generated:scripts.generators; tier=pinned-sha-roundtrip,pinned-sha-roundtrip,SHA256 match,not-executed,not-applicable,verified,649a65b6567cda005216faae82af5ff233004d1ce98a60082c577dcb147ad6ff,649a65b6567cda005216faae82af5ff233004d1ce98a60082c577dcb147ad6ff,complete
sample-pcap,.pcap,tests/fixtures/sample.pcap,application/vnd.tcpdump.pcap,.pcap,,verified,verified,pcap-header-parse,,generated:scripts.generators; tier=exact-byte,exact-byte,SHA256 match,not-executed,not-applicable,verified,df7dfcfc975b4d3def140276b27d904dddf07255c8fa1e7a72bb4ff0be504970,df7dfcfc975b4d3def140276b27d904dddf07255c8fa1e7a72bb4ff0be504970,complete
sample-sqlite,.sqlite,tests/fixtures/sample.sqlite,application/vnd.sqlite3,.sqlite; .sqlite3,,verified,verified,sqlite3-integrity-check,,generated:scripts.generators; tier=pinned-sha-roundtrip,pinned-sha-roundtrip,SHA256 match,not-executed,not-applicable,verified,aaaf395db88cfcdcd66ffdff597fab7b52c5424d4c67e3e06dbe0c32a3ec5669,aaaf395db88cfcdcd66ffdff597fab7b52c5424d4c67e3e06dbe0c32a3ec5669,complete
sample-sqlite3,.sqlite3,tests/fixtures/sample.sqlite3,application/vnd.sqlite3,.sqlite; .sqlite3,,verified,verified,sqlite3-integrity-check,,generated:scripts.generators; tier=pinned-sha-roundtrip,pinned-sha-roundtrip,SHA256 match,not-executed,not-applicable,verified,aaaf395db88cfcdcd66ffdff597fab7b52c5424d4c67e3e06dbe0c32a3ec5669,aaaf395db88cfcdcd66ffdff597fab7b52c5424d4c67e3e06dbe0c32a3ec5669,complete
sample-zip,.zip,tests/fixtures/sample.zip,application/zip,.zip,,verified,verified,stdlib-zipfile-testzip,,generated:scripts.generators; tier=exact-byte,exact-byte,SHA256 match,not-executed,not-applicable,verified,b40fa01ecb935e1d2e383935acc0e2ff5dd66fb2705ea83523ec86352a54834f,b40fa01ecb935e1d2e383935acc0e2ff5dd66fb2705ea83523ec86352a54834f,complete
sample-parquet,.parquet,tests/fixtures/sample.parquet,application/vnd.apache.parquet,.parquet,,verified,verified,pyarrow.parquet.read_table,,generated:scripts.generators; tier=exact-byte,exact-byte,SHA256 match,not-executed,not-applicable,verified,b8f2a7fe0358bde0c961bcbffdfe2498b73b43a7b3a0e0edb358cf08060be129,b8f2a7fe0358bde0c961bcbffdfe2498b73b43a7b3a0e0edb358cf08060be129,complete
sample-db,.db,tests/fixtures/sample.db,application/vnd.sqlite3,.db,,excluded,verified,sqlite3-integrity-check,,generated:scripts.generators; tier=exact-byte,exact-byte,SHA256 match,not-executed,not-applicable,verified,aaaf395db88cfcdcd66ffdff597fab7b52c5424d4c67e3e06dbe0c32a3ec5669,aaaf395db88cfcdcd66ffdff597fab7b52c5424d4c67e3e06dbe0c32a3ec5669,complete
sample-gz,.gz,tests/fixtures/sample.gz,application/gzip,.gz,,verified,verified,gzip-decompress-roundtrip,,generated:scripts.generators; tier=exact-byte,exact-byte,SHA256 match,not-executed,not-applicable,verified,5e4fd9f7e93b32fd70fda5d0132c5aa26a5dd9c6178d2b76e9bc5ed0518946fb,5e4fd9f7e93b32fd70fda5d0132c5aa26a5dd9c6178d2b76e9bc5ed0518946fb,complete
sample-gzip,.gzip,tests/fixtures/sample.gzip,application/gzip,.gz,,excluded,verified,gzip-decompress-roundtrip,,generated:scripts.generators; tier=exact-byte,exact-byte,SHA256 match,not-executed,not-applicable,verified,3c992f52cbe1c011f1f152cf8d2767cc3afd9940798c559f9bb24d23d12cd51f,3c992f52cbe1c011f1f152cf8d2767cc3afd9940798c559f9bb24d23d12cd51f,complete
sample-avro,.avro,tests/fixtures/sample.avro,application/avro,.avro,,excluded,verified,fastavro.reader,,generated:scripts.generators; tier=exact-byte,exact-byte,SHA256 match,not-executed,not-applicable,excluded,55331521dbc51b7e41fed3da3f475c9b3862560eb28bfe9a17a9a5592867279a,55331521dbc51b7e41fed3da3f475c9b3862560eb28bfe9a17a9a5592867279a,complete
sample-ahk,.ahk,tests/fixtures/sample.ahk,text/plain,.ahk,,verified,verified,manual-syntax-review/AutoHotkey-v1-docs,distinctive,generated:scripts.generators.code_formats.CodeFormatGenerator._ahk; tier=exact-byte,exact-byte,SHA256 match,not-executed,not-applicable,verified,a4646270dfb8633cb0a46f2c32eed6f056dcd4f624443c095bd9d0b0703b23cb,a4646270dfb8633cb0a46f2c32eed6f056dcd4f624443c095bd9d0b0703b23cb,complete
sample-macho,.macho,tests/fixtures/sample.macho,application/octet-stream,.macho,,excluded,missing,,,Generated by ExecutableGenerator,unclassified,SHA256 match,not-executed,not-applicable,excluded,3c04ad5895601bd33c422397269e5ee8bb265d4c643fc811fbb0d3f41a9526d5,3c04ad5895601bd33c422397269e5ee8bb265d4c643fc811fbb0d3f41a9526d5,missing
sample-squashfs,.squashfs,tests/fixtures/sample.squashfs,application/x-squashfs,.squashfs,,verified,verified,w3_validate.py:squashfs-unsquashfs,generic-container,generated:scripts.generators.ArchiveGenerator._create_snap; tier=exact-byte,exact-byte,SHA256 match,not-executed,not-applicable,verified,5637affc9954069411fa9db430a3341845e3df2d9ddd36a9074a6b1787de683f,5637affc9954069411fa9db430a3341845e3df2d9ddd36a9074a6b1787de683f,complete
sample-zlibstream,.zlibstream,tests/fixtures/sample.zlibstream,application/zlib,.zlibstream,,excluded,verified,w3_validate.py:zlib-decompress,distinctive,generated:scripts.generators.archives.ArchiveGenerator._create_zlibstream; tier=exact-byte,exact-byte,SHA256 match,not-executed,not-applicable,excluded,89ec7a2ae631b811b677373421fc2946e0beea5e09c0e37fbb3e99dce57e146e,89ec7a2ae631b811b677373421fc2946e0beea5e09c0e37fbb3e99dce57e146e,missing
sample-dsstore,.DS_Store,tests/fixtures/sample.dsstore,application/octet-stream,,.DS_Store,verified,verified,ds-store==1.3.3 DSStore.open,distinctive,generated:scripts.generators.macos.MacOSGenerator._create_dsstore; tier=exact-byte,exact-byte,SHA256 match,not-executed,not-applicable,verified,c9b810a123353224dbdcbe8bd978c2b64629a254be609c52aaf39bc10c4c689f,c9b810a123353224dbdcbe8bd978c2b64629a254be609c52aaf39bc10c4c689f,complete
sample-emf,.emf,tests/fixtures/sample.emf,image/emf,.emf,,verified,verified,metafile_validate.py:emf,distinctive,generated:scripts.generators.images.ImageGenerator._create_emf; tier=exact-byte,exact-byte,SHA256 match,not-executed,not-applicable,verified,913eaab2d0a728fb662ed9b5b92724bf5e152d7571d5ae531f98d88d3189b6f6,913eaab2d0a728fb662ed9b5b92724bf5e152d7571d5ae531f98d88d3189b6f6,complete
sample-wmf,.wmf,tests/fixtures/sample.wmf,image/wmf,.wmf,,verified,verified,metafile_validate.py:wmf,distinctive,generated:scripts.generators.images.ImageGenerator._create_wmf; tier=exact-byte,exact-byte,SHA256 match,not-executed,not-applicable,verified,2db4dd9aab7e823e0e346b78f50f64e9b7c64985ae4e1b697e3a30f22e95521f,2db4dd9aab7e823e0e346b78f50f64e9b7c64985ae4e1b697e3a30f22e95521f,complete
sample-hlp,.hlp,tests/fixtures/sample.hlp,application/winhlp,.hlp,,verified,verified,hlp_validate.py:winhlp==0.3.0,distinctive,external:https://raw.githubusercontent.com/bitplane/winhlp/15824bda51da5af8db7ba9894167cc1812797ab3/tests/data/FXSEARCH.HLP,pinned-sha-roundtrip,SHA256 match,not-executed,True,verified,94beeb2e886fec20747af52c13ff4da7c250091433ed8e3ab9ccae43935c30d2,94beeb2e886fec20747af52c13ff4da7c250091433ed8e3ab9ccae43935c30d2,complete
